actualClass,predictedClass,maximumLikelihood,lZ,lY,lZ,rZ,rY,rZ 
5,5,1,-746.6,200.565,1797.54,419.434,-236.931,1812
5,5,1,-751.903,203.98,1811.98,403.809,-253.023,1819.8
5,5,1,-758.101,205.223,1817.13,383.995,-271.405,1824.69
5,5,1,-762.912,203.029,1822.92,366.947,-297.791,1827.8
5,5,1,-766.817,203.518,1827.49,350.631,-317.923,1835.32
5,5,1,-764.933,207.673,1832.22,336.949,-332.978,1838.7
5,5,1,-768.06,211.592,1834.59,322.776,-340.994,1840.21
5,5,1,-768.907,211.985,1834.55,309.719,-350.287,1844.72
5,5,1,-766.364,214.622,1836.84,297.192,-362.075,1846.54
5,5,1,-762.562,215.384,1836.67,282.821,-366.48,1848.92
5,5,1,-757.662,215.553,1837.07,272.465,-367.28,1847.15
5,5,1,-753.108,216.913,1835.72,262.406,-371.578,1847.3
5,5,1,-755.245,220.002,1835.01,254.973,-372.908,1846.03
5,5,1,-752.637,221.863,1845.88,250.549,-375.962,1844.01
5,5,1,-749.682,219.369,1848.59,245.462,-377.641,1842.32
5,5,1,-749.834,218.781,1855.38,241.133,-380.421,1839.48
5,5,1,-748.905,218.704,1856.72,240.026,-378.118,1838.39
5,5,1,-753.201,218.826,1859.15,238.523,-381.182,1838.99
5,5,1,-758.207,215.956,1862.93,240.602,-381.363,1837.73
5,5,1,-764.205,216.662,1865.29,240.421,-380.947,1834.35
5,5,1,-764.792,214.32,1868.35,244.326,-376.843,1836.74
5,5,1,-770.662,208.666,1870.68,249.135,-374.351,1834.88
5,5,1,-777.894,209.317,1872.82,251.479,-374.485,1839.74
5,5,1,-784.658,208.227,1875.57,261.727,-375.077,1838.79
5,5,1,-786.144,209.573,1876.15,264.525,-375.495,1837.5
5,5,1,-790.745,209.896,1878.78,267.722,-376.639,1841.34
5,5,1,-790.649,214.561,1878.77,273.139,-374.707,1840.22
5,5,1,-792.288,218.54,1881.53,278.84,-377.335,1836.99
5,5,1,-793.95,220.974,1880.54,280.478,-379.334,1839.13
5,5,1,-793.192,222.106,1877.3,283.519,-378.761,1838.55
5,5,1,-791.025,223.318,1874.95,280.774,-379.289,1840.88
5,5,1,-789.739,224.123,1875.33,285.31,-379.737,1839.17
5,5,1,-788.294,222.691,1874.57,285.342,-378.306,1838.34
5,5,1,-787.152,223.137,1873.48,283.618,-381.52,1838.97
5,5,1,-787.149,222.586,1874.2,285.565,-378.47,1837.09
5,5,1,-785.121,220.584,1871.83,289.279,-379.596,1832.21
5,5,1,-782.129,217.525,1869.92,291.27,-376.792,1831.4
5,5,1,-778.481,218.07,1869.21,294.453,-373.712,1829.97
5,5,1,-778.576,219.183,1867.81,294.563,-374.948,1828.12
5,5,1,-779.283,220.471,1866.74,299.099,-376.902,1824.8
5,5,1,-777.394,216.174,1864.78,301.89,-377.969,1822.44
5,5,1,-770.63,216.776,1863.81,304.713,-375.408,1817.73
5,5,1,-764.016,220.137,1864.36,309.721,-373.738,1819.81
5,5,1,-764.617,220.22,1863.82,313.35,-374.311,1819.42
5,5,1,-765.667,220.459,1864.66,317.324,-377.956,1816.38
5,5,1,-764.007,219.829,1864.16,319.966,-371.493,1820.23
5,5,1,-759.852,217.317,1863.31,320.765,-372.641,1820.61
5,5,1,-758.922,219.411,1865.09,326.955,-377.85,1820.15
5,5,1,-758.681,220.549,1865.28,328.619,-378.137,1818.2
5,5,1,-756.078,220.22,1865.9,330.257,-376.087,1819.09
5,5,1,-744.158,220.258,1865.55,332.11,-373.49,1818.65
5,5,1,-736.568,221.837,1867.52,335.88,-377.215,1814.72
5,5,1,-733.146,221.987,1867,338.358,-380.534,1813.22
5,5,1,-725.83,221.497,1868.87,338.447,-377.09,1812.49
5,5,1,-722.287,219.593,1870.66,337.365,-374.857,1812.43
5,5,1,-716.93,215.313,1870.61,338.116,-373.944,1811.79
5,5,1,-717.639,215.868,1869.91,337.66,-372.794,1808.45
5,5,1,-716.799,213.686,1866.6,338.063,-372.932,1807.77
5,5,1,-716.869,210.883,1868.48,336.384,-367.051,1804.35
5,5,1,-717.498,209.435,1864.26,334.192,-366.844,1803.64
5,5,1,-718.644,207.492,1859.75,330.79,-370.064,1802.61
5,5,1,-726.384,207.993,1858.55,327.12,-371.437,1799.71
5,5,1,-734.816,204.686,1854.11,324.437,-369.961,1796.6
5,5,1,-739.544,204.58,1846.89,320.823,-366.625,1794.56
5,5,1,-744.19,207.277,1837.28,317.61,-368.781,1793.16
5,5,1,-754.482,205.339,1830.85,310.373,-362.232,1791.47
5,5,1,-760.232,206.098,1825.88,305.6,-359.032,1789.37
5,5,1,-772.44,209.399,1822.32,301.562,-358.83,1786.43
5,5,1,-779.282,209.048,1811.52,294.708,-355.716,1781.6
5,5,1,-790.811,210.115,1801.99,288.593,-350.844,1780.77
5,5,1,-793.201,212.005,1792.26,281.595,-346.135,1778.9
5,5,1,-798.431,211.925,1786.03,280.309,-344.888,1776.4
5,5,1,-805.36,215.897,1782.45,277.589,-342.233,1772.43
5,5,1,-816.351,220.658,1773.79,270.938,-337.635,1776.01
5,5,1,-822.361,219.851,1766.28,268.203,-330.988,1772.61
5,5,1,-826.198,222.233,1757.76,264.032,-330.234,1769.98
5,5,1,-835.213,225.849,1755.4,263.175,-327.397,1768.18
5,5,1,-838.568,227.813,1751.17,261.815,-324.316,1766.96
5,5,1,-837.988,224.498,1744.05,259.569,-323.069,1764.05
5,5,1,-835.533,223.583,1738.27,259.726,-323.846,1761.31
5,5,1,-834.025,222.43,1731.87,258.25,-324.142,1758.59
5,5,1,-833.821,222.623,1727.09,258.844,-322.917,1754.94
5,5,1,-833.918,221.147,1725.43,261.076,-322.634,1747.24
5,5,1,-829.774,220.431,1725.48,263.449,-322.508,1745.63
5,5,1,-825.944,218.228,1724.75,267.09,-324.13,1738.09
5,5,1,-820.795,217.937,1724.04,269.739,-324.765,1731.47
5,5,1,-818.245,217.453,1725.43,272.143,-322.294,1726.6
5,5,1,-818.744,216.116,1725.49,275.884,-321.296,1723.53
5,5,1,-814.542,217.126,1727.41,276.965,-321.878,1718.04
5,5,1,-811.697,214.209,1725.34,275.174,-320.659,1715.08
5,5,1,-808.159,213.638,1724.92,276.643,-319.563,1712.24
5,5,1,-805.098,213.091,1723.93,276.823,-320.193,1709.59
5,5,1,-803.309,213.1,1721.91,277.567,-320.776,1708.53
5,5,1,-804.477,216.099,1722.91,278.442,-319.808,1706.62
5,5,1,-805.837,216.19,1722.13,279.633,-318.002,1704.97
5,5,1,-809.673,216.536,1720.53,278.409,-315.491,1703.78
5,5,1,-810.891,215.051,1716.88,274.851,-311.256,1701.96
5,5,1,-813.769,215.934,1714.36,271.934,-314.386,1699.22
5,5,1,-822.944,215.477,1708.93,270.065,-316.245,1698.67
5,5,1,-850.528,223.231,1719.99,213.816,-328.621,1717.69
5,5,1,-846.83,225.244,1728.02,212.77,-330.709,1721.71
5,5,1,-843.007,223.704,1735.26,212.38,-330.583,1726.19
5,5,1,-839.865,222.203,1745.12,211.826,-334.303,1730.06
5,5,1,-830.483,218.992,1750.77,213.158,-336.711,1733.67
5,5,1,-824.134,218.273,1756.89,212.888,-345.967,1737.28
5,5,1,-826.014,219.512,1766.35,213.3,-349.72,1741.29
5,5,1,-811.829,217.35,1770.78,210.884,-352.575,1747.45
5,5,1,-803.203,216.991,1778.63,211.104,-351.632,1749.82
5,5,1,-798.972,217.167,1786.14,208.994,-352.932,1759.95
5,5,1,-801.512,215.376,1791.3,207.928,-359.688,1762.93
5,5,1,-795.236,214.585,1794.17,205.297,-365.083,1769.13
5,5,1,-790.523,213.446,1799.63,203.963,-365.288,1774.08
5,5,1,-794.844,213.349,1805.83,202.879,-363.101,1775.46
5,5,1,-799.592,214.577,1813.57,201.761,-365.031,1780.97
5,5,1,-798.899,214.291,1819.33,200.064,-366.115,1787.11
5,5,1,-798.15,209.871,1823.35,197.738,-363.835,1787.77
5,5,1,-798.336,205.861,1826.4,197.337,-366.639,1792.26
5,5,1,-799.334,202.307,1827.18,195.575,-372.192,1795.28
5,5,1,-806.2,200.811,1832.22,195.127,-371.24,1801.94
5,5,1,-805.574,198.606,1832.21,192.405,-371.748,1806.44
5,5,1,-804.515,193.3,1831.62,192.066,-372.66,1812.45
5,5,1,-806.566,193.874,1836.55,191.439,-369.419,1817.41
5,5,1,-811.557,191.571,1838.12,189.277,-367.312,1823.08
5,5,1,-816.984,192.695,1842.39,190.083,-366.908,1826.63
5,5,1,-826.977,194.869,1850.6,189.86,-369.456,1832.2
5,5,1,-826.804,193.617,1851.22,191.564,-368.711,1837.31
5,5,1,-833.337,192.868,1856.43,192.419,-370.366,1845.22
5,5,1,-838.794,190.97,1861.5,192.801,-371.403,1848.72
5,5,1,-843.885,189.405,1863.15,191.681,-372.051,1852.28
5,5,1,-844.273,191.029,1865.95,192.281,-372.25,1858.56
5,5,1,-845.321,190.033,1866.3,188.345,-372.064,1864.59
5,5,1,-846.829,190.09,1870.3,189.952,-369.492,1867.72
5,5,1,-843.847,189.055,1871.94,190.537,-365.928,1873.66
5,5,1,-841.541,187.974,1874.46,190.833,-368,1880.18
5,5,1,-837.662,186.125,1877.09,193.643,-371.201,1881.08
5,5,1,-837.634,184.603,1882.44,193.377,-373.113,1883.27
5,5,1,-834.502,183.293,1888.14,197.049,-377.441,1885.82
5,5,1,-834.041,180.587,1896.49,197.433,-378.185,1891.57
5,5,1,-835.114,180.143,1901.91,197.594,-381.358,1894.28
5,5,1,-834.858,177.303,1906.55,202.182,-381.531,1893.03
5,5,1,-828.341,174.937,1911.64,204.846,-379.481,1900.76
5,5,1,-820.346,171.945,1912.74,210.987,-377.089,1900.57
5,5,1,-814.415,169.578,1923.59,211.842,-376.114,1900.75
5,5,1,-809.08,165.979,1928.38,215.21,-377.429,1902.67
5,5,1,-809.555,163.859,1938.12,215.41,-380.886,1906.69
5,5,1,-808.921,162.732,1944.18,216.014,-381.31,1910.28
5,5,1,-807.256,163.009,1952.46,221.005,-384.951,1915.9
5,5,1,-802.995,163.366,1955.53,224.744,-386.233,1917.61
5,5,1,-798.408,163.173,1960,217.449,-384.582,1923.24
5,5,1,-794.733,165.886,1965.53,218.331,-384.352,1924.4
5,5,1,-792.251,170.15,1969.94,219.679,-386.211,1928.74
5,5,1,-794.683,167.963,1972.32,218.697,-388.301,1933.14
5,5,1,-798.082,166.88,1977.48,219.6,-398.883,1936.47
5,5,1,-798.313,166.336,1980.16,216.21,-405.466,1939.68
5,5,1,-803.529,165.889,1990.14,210.167,-403.091,1944.6
5,5,1,-805.468,165.312,1990.85,206.172,-399.995,1951.99
5,5,1,-807.279,161.367,1988.82,204.797,-399.592,1955.85
5,5,1,-809.769,159.839,1988.84,203.637,-401.841,1962.47
5,5,1,-813.178,159.553,1989.76,200.042,-403.267,1966.18
5,5,1,-812.681,155.083,1985.86,195.08,-403.795,1972.65
5,5,1,-815.591,154.027,1986.33,192.269,-404.46,1975.38
5,5,1,-821.183,155.187,1986.29,189.738,-408.055,1980.96
5,5,1,-825.96,154.903,1988.94,187.739,-408.503,1985.57
5,5,1,-831.652,158.398,1990.56,188.159,-406.849,1992.76
5,5,1,-836.527,158.304,1990.45,185.763,-406.696,1996.85
5,5,1,-841.476,158.383,1993.12,184.321,-407.152,2004.49
5,5,1,-845.758,157.794,1993.89,185.537,-410.348,2010.39
5,5,1,-850.541,156.89,1995.7,189.551,-414.335,2013.67
5,5,1,-853.609,157.589,1997.47,186.653,-415.998,2019.51
5,5,1,-857.401,156.909,2000.33,186.073,-410.856,2021.99
5,5,1,-857.067,156.09,2000.58,183.649,-412.931,2029.97
5,5,1,-856.866,159.381,2004.22,188.417,-415.956,2032.59
5,5,1,-857.226,155.585,2005.82,188.056,-418.728,2036.54
5,5,1,-856.448,154.974,2007.08,185.473,-417.68,2038.52
5,5,1,-857.473,151.815,2017.76,183.358,-415.952,2040.55
5,5,1,-858.374,148.746,2023.4,183.391,-416.713,2043.82
5,5,1,-860.742,147.956,2028.89,184.202,-417.478,2043.16
5,5,1,-860.327,146.347,2034.28,187.969,-419.556,2044.77
5,5,1,-853.519,145.375,2036.26,187.326,-419.495,2048.5
5,5,1,-845.7,142.4,2047.18,193.946,-422.148,2051.58
5,5,1,-834.937,138.105,2053.31,192.336,-420.961,2051.75
5,5,1,-829.57,137.2,2060.77,197.612,-419.889,2049.77
5,5,1,-829.422,137.154,2071.37,197.054,-422.267,2057.93
5,5,1,-828.57,137.271,2078.48,211.514,-431.026,2058.66
5,5,1,-824.526,134.011,2080.77,205.045,-433.092,2058.3
5,5,1,-818.187,132.725,2088.7,208.267,-427.737,2067.12
5,5,1,-811.87,131.559,2089.82,211.901,-426.165,2073.66
5,5,1,-810.122,129.401,2094.47,212.618,-425.712,2078.6
5,5,1,-808.274,131.231,2098.47,214.508,-421.761,2082.64
5,5,1,-810.386,128.635,2104.38,216.483,-423.194,2090.29
5,5,1,-808.615,126.366,2107.96,218.453,-428.126,2095.35
5,5,1,-807.251,121.658,2115.71,218.422,-429.233,2102.45
5,5,1,-799.655,118.252,2126.84,220.208,-429.054,2102.54
5,5,1,-797.375,116.115,2131.13,221.947,-432.619,2107.84
5,5,1,-793.285,113.458,2129.28,215.58,-436.562,2108.65
5,5,1,-793.907,111.751,2132.58,212.513,-444.289,2105.89
5,5,1,-797.613,109.84,2132.24,211.038,-450.09,2111.66
5,5,1,-803.971,106.486,2131.82,205.529,-452.68,2114.52
5,5,1,-808.535,105.617,2133.21,202.616,-453.393,2118.08
5,5,1,-814.721,102.294,2130.23,200.911,-452.66,2123.68
5,5,1,-817.038,103.506,2129.72,199.155,-454.742,2127.5
5,5,1,-822.005,102.281,2128.08,193.518,-454.991,2136.3
5,5,1,-829.415,104.764,2132.66,190.863,-450.808,2140.09
5,5,1,-832.091,105.672,2128.03,189.789,-449.16,2141.8
5,5,1,-835.043,105.839,2134.23,187.947,-449.032,2149.39
5,5,1,-838.854,107.264,2135.51,187.617,-447.464,2156.81
5,5,1,-843.143,108.306,2134.53,190.174,-448.952,2160.16
5,5,1,-850.538,108.494,2135.61,189.215,-445.567,2160.55
5,5,1,-855.551,109.65,2136.33,185.59,-443.709,2162.96
5,5,1,-856.98,110.02,2137.86,184.403,-443.958,2167.68
5,5,1,-852.861,109.326,2137.29,180.701,-444.077,2174.49
5,5,1,-853.855,110.163,2140.62,179.191,-445.911,2178.98
5,5,1,-855.872,108.896,2142.92,178.336,-452.74,2178.26
5,5,1,-856.587,108.971,2145.21,175.889,-452.422,2181.92
5,5,1,-860.46,108.52,2152.26,171.38,-450.199,2185.49
5,5,1,-863.025,107.971,2155.31,170.976,-446.554,2185.29
5,5,1,-861.108,106.486,2156.54,170.821,-447.19,2189.66
5,5,1,-860.16,106.991,2160.86,170.367,-448.464,2192.67
5,5,1,-855.385,103.69,2168.19,172.265,-450.969,2194.04
5,5,1,-850.641,105.592,2178.42,175.019,-452.221,2193.51
5,5,1,-843.48,103.952,2188.53,179.551,-456.324,2190.19
5,5,1,-840.531,102.647,2192.65,180.364,-459.468,2194.39
5,5,1,-835.199,99.8134,2198.62,182.114,-461.798,2191.1
5,5,1,-834.495,98.0063,2202.59,189.151,-466.17,2192.08
5,5,1,-829.419,97.4687,2205.15,194.666,-469.561,2194.69
5,5,1,-826.142,94.6965,2205.73,193.705,-471.293,2194.19
5,5,1,-822.5,89.1263,2210.56,196.872,-460.285,2193.9
5,5,1,-816.941,88.7209,2211.21,192.533,-455.218,2200.28
5,5,1,-815.375,85.8207,2219.64,200.614,-458.505,2203.11
5,5,1,-808.465,85.9231,2223.28,204.521,-457.258,2200.02
5,5,1,-809.99,86.8326,2228.21,208.681,-464.257,2208.24
5,5,1,-811.915,86.2067,2234.48,207.403,-466.598,2210.24
5,5,1,-810.304,82.2598,2245.58,216.522,-464.176,2223.05
5,5,1,-799.897,79.8865,2248.92,212.233,-464.902,2220.59
5,5,1,-799.192,77.2282,2251.17,217.689,-463.423,2226.55
5,5,1,-800.816,76.1005,2253.44,212.359,-464.309,2231.97
5,5,1,-799.961,70.2987,2258.32,213.148,-463.958,2231.2
5,5,1,-802.367,66.7538,2257.94,209.183,-462.892,2233.37
5,5,1,-805.871,69.1233,2261.11,205.684,-463.78,2239.3
5,5,1,-808,66.8812,2260.74,204.548,-466.115,2245.58
5,5,1,-812.765,67.5261,2262.61,198.672,-466.889,2245.92
5,5,1,-813.425,65.2286,2262.53,198.977,-469.515,2251.88
5,5,1,-817.146,64.9878,2264.47,192.927,-468.552,2263.24
5,5,1,-822.697,66.7057,2263.21,188.117,-470.34,2265.11
5,5,1,-826.71,67.232,2261.85,183.025,-473.685,2272.49
5,5,1,-828.716,67.9311,2263.88,184.548,-471.513,2272.47
5,5,1,-833.051,68.6404,2267.26,180.398,-470.387,2279.36
5,5,1,-836.886,68.7541,2266.63,178.796,-472.513,2284.83
5,5,1,-841.339,68.1969,2268.44,179.426,-474.144,2290.06
5,5,1,-846.276,67.5677,2271.49,181.853,-478.517,2293.66
5,5,1,-848.35,69.0849,2279.07,181.204,-487.035,2301.24
5,5,1,-847.746,67.3973,2280.93,178.929,-487.804,2305.61
5,5,1,-847.533,66.3643,2284.16,180.349,-486.336,2309.22
5,5,1,-847.481,64.4876,2287.13,180.522,-481.063,2315.11
5,5,1,-848.823,63.6023,2290.69,177.103,-481.973,2322.36
5,5,1,-849.687,64.0917,2293.84,175.48,-478.065,2325.59
5,5,1,-849.083,61.3888,2298.55,175.558,-475.42,2327.66
5,5,1,-851.355,56.6665,2303.56,170.702,-473.504,2330.48
5,5,1,-853.19,54.2798,2309.44,172.152,-475.818,2333.02
5,5,1,-851.004,51.6867,2313.13,177.566,-479.738,2323.21
5,5,1,-853.441,48.8027,2318.38,178.168,-485.336,2329.05
5,5,1,-853.482,46.7128,2320.72,181.739,-488.943,2329.95
5,5,1,-846.62,45.8601,2324.13,184.576,-492.537,2328.66
5,5,1,-843.446,44.5237,2325.2,184.986,-493.03,2335.99
5,5,1,-845.041,44.3877,2329.82,185.489,-492.26,2336.95
5,5,1,-842.585,43.3623,2339.76,184.667,-492.796,2335.85
5,5,1,-835.026,39.6829,2342.9,185.343,-493.567,2337.74
5,5,1,-830.571,41.0773,2350.2,191.594,-499.606,2338.5
5,5,1,-824.269,40.1994,2357.18,189.368,-497.247,2341.29
5,5,1,-826.15,40.0513,2362.96,189.651,-494.371,2348.17
5,5,1,-822.983,38.5911,2364.22,189.379,-491.562,2355.33
5,5,1,-820.899,37.2502,2369.38,190.341,-488.365,2360.5
5,5,1,-823.241,37.313,2375.8,192.454,-489.308,2362.92
5,5,1,-820.216,35.5095,2380.51,195.839,-497.07,2376.39
5,5,1,-813.497,35.9187,2382.21,194.668,-500.377,2370.76
5,5,1,-814.77,36.2929,2387.66,192.692,-507.564,2377.99
5,5,1,-817.305,36.5518,2394.32,197.49,-511.142,2383.43
5,5,1,-820.063,38.0608,2396.84,195.964,-510.948,2386.36
5,5,1,-821.11,35.3318,2402.03,196.388,-512.01,2387.05
5,5,1,-822.806,32.812,2409.11,198.647,-518.447,2398.57
5,5,1,-824.406,31.6257,2412.44,190.67,-517.266,2400.48
5,5,1,-823.927,30.7595,2411.62,190.647,-515.359,2400.24
5,0,1,-828.379,30.5418,2417.7,186.934,-516.77,2409.46
5,0,1,-829.689,30.924,2419.51,183.076,-515.942,2406.36
5,0,1,-835.289,33.9242,2423.4,178.547,-512.965,2410.45
5,0,1,-833.714,33.017,2422.72,173.972,-513.197,2416.75
5,0,1,-841.708,34.9024,2427.04,176.969,-517.098,2414.41
5,0,1,-846.468,34.2834,2427.19,172.247,-513.56,2420.09
5,0,1,-846.637,35.1958,2429.54,173.388,-512.873,2421.27
5,0,1,-849.641,35.2045,2437.27,170.887,-517.936,2425.57
5,0,1,-855.563,37.106,2438.9,169.534,-520.158,2425.86
5,0,1,-866.181,34.0138,2443.19,168.429,-517.4,2427.45
5,0,1,-869.148,33.4584,2446.87,168.915,-512.776,2437.49
5,0,1,-868.411,35.8869,2446.05,163.458,-518.627,2449.66
5,0,1,-873.443,34.7888,2448.81,166.35,-515.603,2440.74
5,0,1,-875.25,34.3925,2450.03,168.513,-523.467,2446.71
5,0,1,-877.575,35.7826,2452.56,163.413,-516.519,2453.58
5,0,1,-875.965,27.6548,2457.4,163.59,-515.936,2457.73
5,0,1,-873.413,25.4175,2457.12,164.689,-512.165,2456.37
5,0,1,-874.948,22.9618,2460.01,167.178,-514.82,2459.1
5,0,1,-877.281,23.0132,2465.94,161.138,-517.248,2463.82
5,0,1,-875.673,22.0956,2458.95,167.255,-520.018,2465.2
5,0,1,-872.829,19.029,2458.87,167.891,-527.129,2458.2
5,0,1,-866.919,17.9369,2459.69,169.274,-525.183,2462.59
5,0,1,-860.046,17.5715,2461.48,168.226,-527.922,2461.89
5,0,1,-863.313,10.4013,2456.08,170.797,-528.988,2465.46
5,0,1,-853.964,11.044,2453.59,171.766,-523.185,2455.11
5,0,1,-850.367,11.0912,2453.39,174.114,-523.963,2459.68
5,0,1,-850.547,9.93999,2450.38,174.57,-518.842,2451.01
5,0,1,-845.932,12.2104,2448.77,181.541,-521.466,2459.12
5,0,1,-841.192,15.7162,2442.19,177.787,-520.686,2454.13
5,0,1,-845.906,19.2628,2447.52,180.164,-528.544,2453.69
5,0,1,-845.873,18.2554,2444.1,179.72,-529.421,2455.33
5,0,1,-844.998,12.8323,2441.34,179.46,-525.104,2453.07
5,0,1,-842.96,14.156,2445.48,187.013,-524.178,2442.75
5,0,1,-842.82,13.1685,2442.96,187.582,-526.028,2440.76
5,0,1,-841.745,17.5567,2440.22,186.199,-524.562,2434.5
5,0,1,-844.832,13.7329,2436.51,190.552,-519.911,2426.39
5,0,1,-849.227,16.7848,2432.89,188.969,-517.721,2424.68
5,0,1,-850.07,19.5381,2425.84,188.69,-519.139,2418.16
5,0,1,-848.319,18.0309,2408.7,186.089,-516.386,2413.03
5,0,1,-847.985,22.1435,2399.04,186.109,-509.609,2407.06
5,0,1,-851.176,21.1597,2394.03,179.972,-513.64,2405.24
5,0,1,-858.892,26.7169,2384.76,172.383,-503.714,2401.01
5,0,1,-864.592,30.0743,2377.03,171.699,-505.985,2395.68
5,0,1,-868.704,32.1441,2367.68,171.221,-510.528,2383.35
5,0,1,-871.751,32.2227,2353.64,169.306,-501.386,2379.89
5,0,1,-869.654,30.5034,2343.13,165.16,-489.604,2373.33
5,0,1,-875.852,31.1691,2335.32,165.057,-490.457,2363.24
5,0,1,-878.38,32.0474,2326.67,162.771,-490.463,2359.3
5,0,1,-883.05,36.0752,2322.84,160.624,-490.4,2353.26
5,0,1,-880.992,37.3679,2314.97,160.291,-489.122,2347.35
5,5,1,-880.861,42.4883,2309.67,162.376,-492.014,2341.62
5,5,1,-878.31,45.6891,2306.13,160.175,-486.967,2337.91
5,5,1,-878.115,45.5491,2300.39,158.104,-482.716,2336.79
5,5,1,-878.268,43.8882,2294.01,162.489,-480.702,2334.97
5,5,1,-875.098,43.9989,2287.29,161.276,-478.023,2324.53
5,5,1,-875.36,45.6428,2280.03,160.787,-478.386,2317.55
5,5,1,-872.719,44.2252,2280.92,163.479,-472.317,2309.18
5,5,1,-868.999,45.7799,2275.12,163.496,-467.851,2305.25
5,5,1,-868.552,45.7845,2270.84,167.863,-464.73,2292.47
5,5,1,-864.543,50.5799,2270.14,166.584,-461.873,2290.62
5,5,1,-863.075,48.9693,2264.97,170.554,-457.552,2282.64
5,5,1,-860.691,54.4477,2257.24,176.028,-457.399,2273.42
5,5,1,-856.283,59.806,2254.63,176.691,-452.365,2257.22
5,5,1,-851.453,64.8779,2252.06,175.109,-450.773,2254.09
5,5,1,-849.281,69.4373,2245.53,173.047,-449.238,2246.48
5,5,1,-846.879,71.5958,2241.55,178.615,-450.939,2233.41
5,5,1,-837.441,77.004,2234.96,181.803,-464.252,2225.94
5,5,1,-832.89,83.3394,2225.58,184.93,-471.09,2214.46
5,5,1,-830.599,90.2494,2222.23,189.479,-469.035,2205.84
5,5,1,-829.371,91.9252,2219.03,192.473,-467.639,2196.21
5,5,1,-825.129,95.7124,2216.75,195.745,-464.252,2186.05
5,5,1,-821.73,100.904,2211.72,195.564,-463.659,2177.6
5,5,1,-823.779,101.388,2211.94,193.002,-465.008,2172.61
5,5,1,-821.435,102.229,2210.97,195.001,-460.567,2166.44
5,5,1,-820.302,103.175,2206.16,195.392,-456.251,2159.23
5,5,1,-820.264,103.475,2198.96,196.496,-454.01,2149.61
5,5,1,-819.563,106.325,2199.39,194.956,-449.412,2140.16
5,5,1,-817.395,107.75,2190.82,195.563,-449.082,2129.5
5,5,1,-815.236,110.197,2177.63,194.764,-448.176,2123.66
5,5,1,-812.597,109.686,2169.92,198.011,-446.579,2114.9
5,5,1,-815.936,113.05,2156.36,189.037,-444.604,2111.9
5,5,1,-816.542,112.034,2148.66,190.053,-445.999,2106.25
5,5,1,-817.137,114.589,2141.64,191.826,-441.345,2095.72
5,5,1,-820.864,111.276,2130.7,184.784,-439.42,2090.48
5,5,1,-825.392,111.99,2116.86,180.995,-435.111,2076.26
5,5,1,-831.351,114.1,2104.79,182.844,-434.952,2068.86
5,5,1,-834.806,115.838,2095.57,181.488,-428.151,2062.31
5,5,1,-836.782,114.479,2079.92,176.811,-424.925,2055.44
5,5,1,-838.95,115.072,2071.88,176.749,-419.429,2040.47
5,5,1,-843.649,115.084,2060.09,176.042,-415.912,2030.64
5,5,1,-843.112,116.804,2048.45,175.069,-412.925,2024.91
5,5,1,-846.489,121.881,2042.01,173.973,-408.129,2016.97
5,5,1,-844.287,125.551,2031.48,176.728,-410.563,2008.54
5,5,1,-843.837,127.993,2017.38,175.525,-407.974,2007.39
5,5,1,-843.231,136.286,2010.33,175.42,-399.803,2002.73
5,5,1,-848.014,139.824,2003.85,176.338,-394.335,1995.78
5,5,1,-851.92,142.44,1993.57,180.574,-388.264,1987.12
5,5,1,-848.836,146.007,1987.79,182.711,-383.505,1981.85
5,5,1,-848.672,149.434,1980.87,183.547,-376.623,1977.15
5,5,1,-843.926,149.89,1970.7,192.242,-377.704,1972.33
5,5,1,-837.371,150.423,1962.1,196.671,-385.664,1965.37
5,5,1,-834.523,150.577,1958.33,203.946,-389.764,1958.62
5,5,1,-829.852,157.679,1952.69,206.034,-391.229,1951.66
5,5,1,-828.383,159.663,1948.03,212.707,-397.702,1944.35
5,5,1,-826.637,158.101,1943.93,217.46,-394.718,1937.67
5,5,1,-821.358,158.986,1940.09,224.909,-394.523,1927.17
5,5,1,-818.789,158.537,1938.58,227.815,-393.911,1922.22
5,5,1,-811.801,161.438,1935.97,231.757,-388.736,1920.63
5,5,1,-802.424,162.284,1933.43,236.457,-382.631,1908.29
5,5,1,-789.765,166.162,1930.49,241.143,-383.739,1900.99
5,5,1,-779.868,163.673,1923.22,245.496,-387.429,1894.37
5,5,1,-772.879,164.641,1922.8,250.087,-376.256,1890.07
5,5,1,-768.115,167.794,1918.13,249.005,-370.852,1884.82
5,5,1,-770.33,168.391,1918.1,259.489,-366.628,1876.7
5,5,1,-769.248,170.452,1912.57,262.961,-366.29,1872.64
5,5,1,-767.209,170.875,1910.78,266.858,-366.57,1865.26
5,5,1,-767.422,171.354,1909.05,268.836,-369.183,1860.71
5,5,1,-765.794,172.029,1904.71,271.979,-371.784,1851.97
5,5,1,-765.306,175.428,1899.95,272.833,-369.872,1846.55
5,5,1,-761.847,177.828,1892.52,273.279,-369.288,1842.59
5,5,1,-757.891,177.541,1881.61,274.15,-366.217,1833.37
5,5,1,-757.77,179.468,1872.71,275.199,-364.604,1826.91
5,5,1,-755.694,180.801,1863.53,277.315,-361.904,1819.04
5,5,1,-757.057,180.514,1848.75,276.743,-357.565,1810.59
5,5,1,-759.451,183.41,1832.59,276.004,-354.113,1807.64
5,5,1,-760.933,184.802,1824.24,272.243,-348.541,1801.34
5,5,1,-761.044,188.358,1813.48,273.705,-341.45,1792.11
5,5,1,-761.757,190.699,1802.85,271.504,-334.772,1791.01
5,5,1,-768.68,190.388,1792.75,272.651,-333.358,1787.03
5,5,1,-770.316,190.541,1787.21,278.619,-332.091,1777.28
5,5,1,-773.557,193.954,1779.08,279.764,-328.869,1769.48
5,5,1,-776.321,196.499,1771.29,279.974,-325.284,1763.69
5,5,1,-778.776,199.379,1761.48,282.204,-324.63,1759.77
5,5,1,-779.023,198.664,1754.41,282.766,-324.201,1754.75
5,5,1,-777.544,206.759,1749.76,284.568,-323.537,1747.71
5,5,1,-776.363,208.466,1743.97,288.311,-324.98,1742.06
5,5,1,-778.15,209.32,1738.74,291.623,-324.303,1737.82
5,5,1,-773.563,212.547,1733.38,295.718,-321.895,1735.28
5,5,1,-770.785,211.838,1729.84,296.293,-319.214,1732.38
5,5,1,-767.141,214.069,1725.63,299.063,-319.093,1727.81
5,5,1,-766.616,214.681,1722.32,305.058,-321.747,1725.62
5,5,1,-758.142,216.215,1719.14,308.32,-318.711,1723.4
5,5,1,-753.329,218.981,1717.65,315.941,-320.495,1719.49
5,5,1,-749.909,221.21,1717.57,322.674,-326.257,1713.16
5,5,1,-738.43,222.789,1716.11,334.732,-333.421,1711.12
5,5,1,-727.507,224.691,1715.31,339.479,-330.977,1704.03
5,5,1,-717.233,224.425,1717.6,350.822,-328.545,1700.38
5,5,1,-706.345,224.8,1716.45,355.554,-329.057,1697.24
5,5,1,-693.686,225.928,1716.29,360.905,-328.378,1695.49
5,5,1,-683.471,226.691,1720.19,366.749,-328.964,1691.45
5,5,1,-672.556,230.668,1723.75,377.134,-328.237,1687.48
5,5,1,-663.191,229.03,1725.15,384.227,-324.991,1684.96
5,5,1,-646.432,227.943,1727.75,393.236,-324.814,1679.63
5,5,1,-636.985,225.268,1729.49,404.309,-326.185,1678.86
5,5,1,-632.989,223.339,1732.23,409.703,-327.715,1672.93
5,5,1,-627.206,222.897,1734.98,415.562,-324.868,1672.13
5,5,1,-624.929,218.551,1735.9,423.935,-325.089,1669.65
5,5,1,-621.407,213.772,1735.2,431.807,-322.622,1669.17
5,5,1,-617.97,213.392,1733.33,439.238,-320.768,1667.62
5,5,1,-618.974,212.195,1731.05,444.122,-321.765,1666.77
5,5,1,-618.342,211.867,1730.08,447.797,-320.574,1666.32
5,5,1,-614.937,212.6,1724.98,454.716,-321.712,1664.59
5,5,1,-615.825,210.356,1719.76,458.567,-318.807,1664.12
5,5,1,-617.227,208.749,1714.59,461.674,-314.248,1665.94
5,5,1,-615.695,210.446,1708.69,463.79,-308.799,1668.63
5,5,1,-614.828,209.929,1703.16,464.825,-304.869,1668.65
5,5,1,-611.304,213.516,1697.48,469.13,-305.844,1667.36
5,5,1,-606.142,212.362,1687.89,470.857,-304.257,1666.98
5,5,1,-602.643,214.125,1681.61,473.715,-304.66,1667.39
5,5,1,-602.55,214.319,1675.89,475.648,-306.618,1666.52
5,5,1,-601.9,217.617,1669.56,478.862,-305.342,1667.56
5,5,1,-599.737,217.886,1664.04,480.104,-302.823,1669.49
5,5,1,-595.465,221.51,1659.84,483.282,-303.416,1668.43
5,5,1,-593.006,225.839,1657.16,487.241,-304.917,1666.48
5,0,1,-589.775,228.08,1656.48,491.81,-305.639,1666.41
5,0,1,-585.445,227.356,1653.76,494.786,-305.912,1666.2
5,0,1,-581.148,231.172,1655.74,498.321,-306.785,1665.81
5,0,1,-573.855,234.722,1657.6,503.616,-310.529,1663.14
5,0,1,-568.83,237.9,1658.95,507.804,-310.634,1661.48
5,0,1,-567.601,238.084,1660.13,511.148,-309.702,1661.54
5,0,1,-562.38,240.596,1663.15,517.878,-310.398,1659.31
5,0,1,-551.671,239.558,1663.77,524.774,-314.15,1656.83
5,0,1,-543.319,238.217,1664.73,532.639,-315.514,1654.85
5,0,1,-530.581,239.631,1669.37,537.868,-316.75,1656.36
5,0,1,-516.12,239.457,1672.73,547.208,-318.396,1650.66
5,0,1,-506.72,238.085,1675.15,553.137,-318.748,1651.29
5,0,1,-499.069,233.778,1676.47,563.643,-318.042,1651.93
5,0,1,-494.581,234.363,1680.21,568.037,-319.552,1652.37
5,0,1,-487.714,235.4,1684.06,576.055,-319.952,1654.22
5,0,1,-477.114,235.612,1687.67,583.156,-322.253,1653.7
5,0,1,-465.497,238.051,1693.49,588.952,-324.853,1654.32
5,0,1,-455.784,237.278,1697.52,597.101,-327.049,1651.43
5,0,1,-446.045,234.695,1701.72,601.819,-329.021,1652.35
5,0,1,-441.8,234.292,1702.69,606.154,-328.759,1654.44
5,0,1,-440.169,234.612,1704.8,614.214,-326.465,1654.72
5,0,1,-435.754,229.286,1707.92,619.674,-327.37,1656.42
5,0,1,-427.385,227.901,1708.93,626.369,-326.767,1657.43
5,0,1,-417.76,227.455,1710.74,627.937,-326.705,1658.96
5,0,1,-408.223,227.787,1714.08,630.945,-327.293,1659.8
5,0,1,-403.728,225.707,1714.85,632.829,-326.722,1662.26
5,0,1,-402.447,228.968,1716.94,635.967,-327.63,1662.28
5,0,1,-400.925,231.327,1719.82,636.028,-327.941,1663.81
5,0,1,-398.784,233.701,1717.99,636.662,-329.811,1664.08
5,0,1,-400.654,234.474,1719.46,635.085,-330.578,1667.48
5,0,1,-404.57,235.99,1718.56,632.006,-328.803,1668.31
5,0,1,-411.132,235.354,1716.47,628.632,-327.283,1670.68
5,0,1,-414.194,237.136,1714.99,623.659,-328.273,1673.01
5,0,1,-412.734,237.011,1712.92,621.274,-330.654,1670.39
5,0,1,-414.485,235.61,1712.28,616.83,-333.614,1672.15
5,0,1,-413.152,234.99,1709.55,612.719,-334.696,1671.17
5,0,1,-416.088,233.668,1707.97,610.311,-334.606,1669.99
5,0,1,-416.195,233.317,1708.02,607.462,-335.02,1666.63
5,0,1,-417.795,232.478,1709.22,602.624,-336.31,1670.4
5,0,1,-421.263,233.366,1709.77,599.447,-337.085,1668.85
5,0,1,-427.315,234.054,1708.59,599.832,-337.853,1665.47
5,0,1,-430.242,233.994,1709.26,595.522,-336.535,1666.33
5,0,1,-434.031,233.026,1709.99,593.914,-333.223,1669.76
5,0,1,-437.205,231.244,1709.62,589.555,-331.622,1668.34
5,0,1,-447.783,229.365,1708.93,586.411,-328.679,1667.02
5,0,1,-454.899,228.827,1707.66,578.491,-329.405,1668.09
5,0,1,-470.744,227.667,1703.42,573.17,-327.015,1664.28
5,0,1,-480.078,225.182,1703.1,567.312,-326.229,1665.51
5,0,1,-490.932,228.019,1701.16,557.534,-327.681,1666.75
5,0,1,-497.392,226.798,1699.65,550.968,-324.223,1668.44
5,0,1,-503.449,228.333,1697.76,543.132,-323.811,1669.32
5,0,1,-513.731,230.521,1696.47,535.554,-322.949,1666.05
5,0,1,-528.096,236.8,1695.13,525.426,-324.677,1666.87
5,0,1,-543.508,240.565,1692.75,517.679,-323.604,1663.58
5,0,1,-550.563,244.182,1691.19,509.447,-325.093,1662.58
5,5,1,-558.577,247.403,1690.01,502.572,-329.967,1657.88
5,5,1,-566.704,252.303,1689.65,496.092,-331.857,1659.06
5,5,1,-572.76,255.259,1688.58,487.929,-330.468,1656.67
5,5,1,-578.12,255.46,1687.19,480.437,-325.126,1657.2
5,5,1,-577.933,258.356,1685.97,471.994,-327.076,1655.65
5,5,1,-580.266,260.349,1685.72,469.307,-328.354,1652.02
5,5,1,-581.3,262.781,1685.76,464.883,-330.39,1650.65
5,5,1,-579.549,262.908,1684.86,460.15,-332.777,1650.35
5,5,1,-577.253,261.028,1684.2,459.764,-337.919,1643.85
5,5,1,-576.067,260.618,1685.54,459.787,-341.114,1641.48
5,5,1,-572.354,258.865,1686.35,457.48,-342.212,1641.05
5,5,1,-571.065,259.378,1688.97,457.308,-343.649,1637.89
5,5,1,-571.372,258.007,1690.59,457.13,-343.325,1637.84
5,5,1,-569.766,254.611,1692.32,456.71,-342.814,1634.58
5,5,1,-569.495,254.458,1694.89,455.407,-339.95,1633.73
5,5,1,-571.622,251.016,1696.59,454.77,-336.216,1634.18
5,5,1,-573.404,253.582,1699.36,453.067,-334.232,1636.01
5,5,1,-574.477,251.132,1699.58,449.227,-332.714,1633.27
5,5,1,-580.399,251.743,1699.53,444.662,-334.293,1627.52
5,5,1,-587.187,248.661,1699.5,441.384,-333.373,1628.78
5,5,1,-592.146,246.707,1696.6,435.967,-332.325,1628.24
5,5,1,-598.65,243.173,1692.51,428.74,-332.373,1627.45
5,5,1,-609.407,239.097,1690.01,422.448,-332.14,1629.96
5,5,1,-620.054,234.855,1686.49,413.419,-329.539,1626.74
5,5,1,-631.123,233.243,1683.54,404.836,-323.911,1627.49
5,5,1,-641.833,229.564,1679.32,400.442,-321.083,1626.5
5,5,1,-651.492,227.98,1675.95,391.65,-322.134,1623.7
5,5,1,-664.666,229.194,1672.38,381.56,-318.683,1625.29
5,5,1,-675.794,231.071,1667.92,374.516,-313.21,1623.36
5,5,1,-687.095,229.589,1661.94,362.316,-311.775,1626.28
5,5,1,-695.361,233.524,1657.8,355.096,-311.736,1625.1
5,5,1,-706.863,235.097,1653.12,348.747,-311.605,1622.71
5,5,1,-719.816,235.069,1651.27,337.374,-306.549,1627.16
5,5,1,-734.048,238.239,1647.98,333.604,-301.839,1625.5
5,5,1,-744.488,238.846,1643.57,324.247,-297.925,1627.19
5,0,1,-749.286,239.87,1638.27,316.079,-295.932,1626.83
5,0,1,-758.87,243.059,1634.84,306.321,-298.004,1627.34
5,0,1,-767.314,247.172,1629.28,300.831,-301.928,1626.98
5,0,1,-775.361,248.324,1624.49,291.173,-302.247,1628.47
5,0,1,-780.54,249.485,1621.59,286.202,-298.473,1628.65
5,0,1,-782.299,252.36,1619.42,280.037,-295.039,1627.71
5,0,1,-785.128,253.567,1617.71,275.593,-297.863,1626.02
5,0,1,-784.32,253.87,1614.9,272.171,-299.441,1622.33
5,0,1,-784.414,253.174,1615.05,268.647,-294.654,1622.58
5,0,1,-786.697,253.198,1615.7,267.517,-297.454,1620.15
5,0,1,-784.741,253.011,1613.11,266.365,-302.607,1617.14
5,0,1,-784.168,254.614,1613.27,264.954,-306.811,1614.09
5,0,1,-783.928,256.689,1614.73,263.746,-308.824,1613.93
5,0,1,-784.314,256.683,1615.45,262.962,-308.828,1613.39
5,0,1,-787.362,258.002,1618.54,262.411,-309.342,1611.28
5,0,1,-785.555,259.772,1621.01,262.601,-308.006,1609.7
5,0,1,-788.545,260.899,1621.84,261.093,-305.497,1609.27
5,0,1,-787.034,262.716,1623.99,254.664,-306.565,1612.25
5,5,1,-832.675,191.358,1693.04,229.652,-301.567,1682.24
5,5,1,-823.058,190.099,1697.65,235.897,-303.355,1683.38
5,5,1,-817.467,186.325,1699.27,242.97,-308.047,1681.69
5,5,1,-813.517,183.057,1704.41,247.841,-308.233,1680.06
5,5,1,-806.113,180.156,1708.55,255.131,-307.427,1677.49
5,5,1,-802.131,180.462,1713.45,262.678,-308.275,1674.77
5,5,1,-795.458,179.592,1716.27,268.409,-310.967,1672.77
5,5,1,-785.024,179.632,1718.74,271.815,-313.442,1673.26
5,5,1,-779.511,178.731,1723.34,277.209,-313.087,1668.6
5,5,1,-772.185,179.168,1724.92,280.25,-310.208,1668.4
5,5,1,-772.584,178.355,1727.41,284.069,-307.013,1669.04
5,5,1,-773.815,180.178,1731.69,285.686,-304.373,1669.4
5,5,1,-775.852,178.225,1732.68,288.595,-302.926,1667.74
5,5,1,-775.653,180.369,1735.46,292.007,-306.102,1666.12
5,5,1,-777.533,179.78,1736.36,292.178,-305.615,1663.74
5,5,1,-778.148,180.002,1737.38,292.223,-305.79,1663.62
5,5,1,-776.994,180.208,1736.26,292.356,-306.208,1663.83
5,5,1,-776.154,180.804,1737.23,290.203,-305.172,1663.29
5,5,1,-776.318,181.677,1737.49,284.006,-303.354,1665.68
5,5,1,-777.78,182.366,1737.59,282.866,-303.917,1664.4
5,5,1,-778.828,182.873,1736.96,278.818,-307.158,1666.02
5,5,1,-778.492,183.967,1736.12,277.433,-311.76,1666.91
5,5,1,-775.22,185.865,1733.4,279.358,-316.172,1662.1
5,5,1,-778.154,189.631,1733.76,274.036,-314.98,1663.76
5,5,1,-781.125,187.344,1731.71,272.254,-314.514,1667.24
5,5,1,-778.444,192.677,1727.94,272.461,-313.751,1666.04
5,5,1,-773.023,197.143,1730.04,272.241,-314.234,1668.35
5,5,1,-771.962,197.206,1727.17,271.616,-316.115,1668.18
5,5,1,-772.12,196.968,1727.99,270.553,-314.435,1669.48
5,5,1,-774.626,199.015,1727.89,267.329,-317.126,1673.33
5,5,1,-775.053,199.728,1727.38,265.385,-316.509,1676.14
5,5,1,-777.1,199.941,1730.08,266.32,-318.169,1677.43
5,5,1,-778.703,200.282,1732.9,267.72,-316.92,1675.99
5,5,1,-780.912,196.518,1734.5,267.394,-315.27,1680.33
5,5,1,-785.071,194.247,1738.43,268.047,-312.511,1680.46
5,5,1,-796.112,191.672,1741.22,267.112,-311.736,1679.77
5,5,1,-804.639,187.501,1743.82,267.063,-309.714,1679.54
5,5,1,-812.693,186.138,1745.49,263.833,-305.167,1680.28
5,5,1,-821.041,180.907,1743.01,252.955,-300.251,1688.09
5,5,1,-825.661,182.561,1741.54,246.367,-300.065,1690.27
5,5,1,-833.512,182.821,1742.31,237.388,-298.044,1693.7
5,5,1,-839.159,182.632,1739.36,230.196,-301.167,1694.35
5,5,1,-844.011,180.815,1735.26,225.338,-301.406,1693.69
5,5,1,-851.505,182.017,1733.85,216.821,-302.426,1697.61
5,5,1,-884.244,168.087,1767.07,199.251,-315.51,1752.52
5,5,1,-880.48,165.374,1775.06,202.827,-321.932,1754.77
5,5,1,-875.664,163.47,1780.45,204.714,-321.705,1756.6
5,5,1,-870.38,160.198,1785,207.894,-322.354,1760.52
5,5,1,-861.103,159.406,1790.01,207.58,-323.125,1766.69
5,5,1,-854.611,159.982,1795.96,207.962,-324.157,1769.14
5,5,1,-857.018,156.861,1802.65,210.794,-328.402,1773.41
5,5,1,-852.609,151.274,1805.21,210.938,-330.637,1776.03
5,5,1,-848.109,149.665,1810.9,212.783,-332.128,1783.93
5,5,1,-846.865,151.759,1815.32,211.302,-335.304,1790.36
5,5,1,-851.437,155.319,1819.64,210.362,-337.049,1798.18
5,5,1,-848.891,152.71,1822.1,208.688,-337.689,1801.59
5,5,1,-844.252,146.133,1827,209.094,-340.061,1807.6
5,5,1,-841.784,148.973,1831.58,206.086,-339.983,1814.21
5,5,1,-841.51,151.186,1837.58,209.023,-339.27,1817.77
5,5,1,-840.244,146.868,1838.52,201.4,-341.158,1825.56
5,5,1,-841.61,147.552,1842.08,200.042,-341.634,1828.68
5,5,1,-844.073,148.393,1844.52,197.022,-343.043,1833.57
5,5,1,-842.506,148.347,1841.99,192.337,-343.609,1838.87
5,5,1,-846.286,150.107,1842.09,191.709,-346.767,1843.78
5,5,1,-851.512,149.133,1839.42,186.621,-349.617,1848.15
5,5,1,-853.825,150.574,1837.75,180.479,-350.551,1854.73
5,5,1,-854.958,148.414,1836.68,179.12,-351.362,1856.72
5,5,1,-855.277,148.79,1833.36,178.243,-353.955,1860.48
5,5,1,-858.912,149.608,1831.99,177.417,-360.849,1860.16
5,5,1,-858.209,150.47,1834.02,177.585,-360.727,1863.7
5,5,1,-864.915,150.374,1834.27,179.637,-360.113,1866.87
5,5,1,-873.404,152.133,1836.81,179.048,-353.497,1867.62
5,5,1,-880.019,150.861,1837.19,178.536,-349.63,1873.39
5,5,1,-884.959,149.189,1837.46,178.496,-347.088,1877.98
5,5,1,-882.38,150.614,1840.48,178.082,-344.182,1880.83
5,5,1,-883.036,149.311,1841.56,174.718,-343.227,1885.34
5,5,1,-886.414,152.891,1846.33,177.114,-344.8,1885.24
5,5,1,-887.003,150.409,1849.94,175.033,-346.853,1892.26
5,5,1,-884.169,150.443,1852.51,179.448,-343.784,1893.33
5,5,1,-882.044,150.405,1857.09,179.492,-345.072,1898.23
5,5,1,-882.728,146.498,1863.25,176.775,-347.555,1901.98
5,5,1,-887.613,141.935,1867.41,173.984,-349.315,1906.91
5,5,1,-889.599,139.761,1870.96,172.066,-348.639,1910.34
5,5,1,-890.187,140.921,1882.05,173.58,-350.407,1919.37
5,5,1,-875.611,137.919,1884.11,172,-353.654,1921.7
5,5,1,-872.067,136.301,1893.56,173.583,-360.29,1922.12
5,5,1,-870.031,132.003,1900.22,175.587,-364.202,1926.08
5,5,1,-867.779,130.909,1906.93,180.707,-367.514,1924.77
5,5,1,-859.229,130.065,1910.2,185.016,-385.405,1929.08
5,5,1,-852.53,131.615,1917.89,188.744,-383.479,1936.88
5,5,1,-846.229,129.037,1923.67,190.321,-384.014,1940.86
5,5,1,-844.47,124.749,1933.46,191.855,-382.046,1946.05
5,5,1,-844.083,123.266,1939.35,193.791,-383.431,1950.62
5,5,1,-844.233,124.473,1942.28,197.717,-385.565,1956.82
5,5,1,-842.602,124.28,1947.28,202.595,-387.468,1962.06
5,5,1,-834.516,123.713,1952.06,207.179,-386.168,1966.11
5,5,1,-826.484,123.823,1960.18,207.247,-386.955,1971.13
5,5,1,-819.27,123.09,1967.76,207.022,-387.544,1974.32
5,5,1,-813.657,124.423,1972.54,209.749,-388.912,1986.39
5,5,1,-809.601,122.94,1986.82,209.133,-386.944,1987.31
5,5,1,-808.05,120.713,1992.65,208.184,-384.592,1995.5
5,5,1,-807.801,120.609,1997.88,206.923,-386.305,2002.9
5,5,1,-810.606,117.401,1999.65,206.893,-387.944,2007.73
5,5,1,-816.798,112.645,2004.84,206.515,-396.829,2015.97
5,5,1,-823.946,111.403,2005.63,207.761,-398.141,2026.74
5,5,1,-828.015,110.618,2007.57,202.141,-402.776,2033.64
5,5,1,-832.087,109.89,2009.27,200.603,-402.113,2042.84
5,5,1,-836.493,109.353,2010.67,202.173,-407.678,2055.82
5,5,1,-841.694,107.202,2012.94,196.318,-405.459,2055.75
5,5,1,-845.619,100.946,2014.93,192.655,-399.461,2062.36
5,5,1,-851.116,104.72,2016.53,196.489,-399.817,2068.89
5,5,1,-849.256,99.7847,2016.37,194.517,-400.541,2076.87
5,5,1,-851.382,97.1154,2023.13,190.789,-397.815,2078.88
5,5,1,-854.649,96.1442,2022.15,189.673,-395.35,2081.47
5,5,1,-862.185,92.7473,2022.6,192.386,-386.099,2079.98
5,5,1,-864.206,86.281,2025.11,190.384,-381.467,2081.68
5,5,1,-867.694,80.2502,2025.72,194.962,-378.406,2082.79
5,5,1,-868.059,71.413,2022.11,187.378,-373.313,2081.03
5,5,1,-865.953,65.612,2022.92,189.701,-371.943,2087.84
5,5,1,-868.295,63.3045,2025.78,186.118,-372.164,2090.26
5,5,1,-869.372,61.4773,2031.64,183.195,-370.864,2086.79
5,5,1,-870.544,60.1969,2034.57,183.071,-371.599,2083
5,5,1,-870.821,62.3068,2035.98,182.503,-372.53,2078.89
5,5,1,-868.098,65.4661,2041.65,180.113,-382.185,2082.15
5,5,1,-867.26,72.2294,2051.23,180.206,-390.608,2081.19
5,5,1,-860.641,78.9177,2050.76,178.237,-394.664,2079.98
5,5,1,-856.355,84.9754,2058.01,177.002,-397.29,2077.03
5,5,1,-854.847,85.272,2062.45,176.36,-400.417,2080.83
5,5,1,-851.865,90.2907,2071.06,178.918,-409.978,2077.92
5,5,1,-847.085,94.0374,2078.09,180.993,-414.539,2076.46
5,5,1,-842.548,96.8851,2081.16,178.789,-418.128,2077.57
5,5,1,-836.201,101.909,2084.52,181.988,-423.176,2077.84
5,5,1,-837.499,101.657,2086.92,179.634,-423.801,2077.08
5,5,1,-836.368,102.178,2088.6,177.226,-419.539,2077.88
5,5,1,-838.436,104.306,2089.96,179.448,-417.364,2079.72
5,5,1,-834.851,104.655,2088.85,176.13,-415.375,2080.32
5,5,1,-837.296,105.711,2089.85,177.596,-413.067,2079.6
5,5,1,-836.513,105.535,2089.58,168.451,-411.208,2083.03
5,5,1,-838.523,104.809,2088.76,166.713,-411.774,2083.31
5,5,1,-844.558,100.176,2086.27,163.925,-409.495,2081.49
5,5,1,-854.115,97.5739,2083.11,157.654,-411.542,2075.5
5,5,1,-860.766,96.4543,2079.61,147.761,-410.851,2080.88
5,5,1,-869.175,95.343,2077.78,145.257,-410.259,2080.12
5,5,1,-873.5,91.774,2075.27,140.17,-408.19,2080.24
5,5,1,-876.461,91.2067,2069.62,132.344,-409.822,2079.69
5,5,1,-889.86,91.4331,2067.54,130.285,-409.824,2077.21
5,5,1,-899.866,87.0751,2062.02,125.255,-412.191,2076.6
5,5,1,-910.013,86.3787,2059.43,121.108,-412.778,2077.68
5,5,1,-918.157,86.6874,2058.02,118.731,-408.565,2073.44
5,5,1,-930.248,87.3195,2056.15,109.303,-409.342,2077.45
5,0,1,-944.377,87.1742,2053.47,103.463,-400.901,2073.97
5,0,1,-957.467,88.3765,2051.97,91.5755,-389.714,2072.91
5,0,1,-965.291,84.7749,2052.77,92.2332,-391.687,2073.2
5,0,1,-973.554,84.961,2052.93,79.4413,-391.457,2073.92
5,0,1,-981.99,83.5289,2051.12,72.0886,-393.285,2069.98
5,0,1,-988.175,82.881,2048.2,64.5147,-392.233,2066.4
5,0,1,-995.402,85.4907,2051.26,54.9598,-389.901,2065.25
5,0,1,-999.594,84.9714,2050.57,50.5648,-389.237,2061.97
5,0,1,-1003.03,84.7088,2051.72,40.174,-389.757,2059.51
5,0,1,-1009.47,84.4999,2052.83,26.4249,-386.471,2061.3
5,0,1,-1019.54,87.5889,2056.31,18.573,-387.361,2062.01
5,0,1,-1027.5,91.6314,2056.5,9.67945,-383.393,2061.29
5,0,1,-1030.54,88.7867,2058.75,2.57239,-380.449,2055.82
5,0,1,-1032.49,88.1534,2060.97,-2.59273,-378.823,2053.72
5,0,1,-1028.93,85.145,2061.09,-9.75669,-378.106,2054.75
5,0,1,-1024.11,82.8379,2059.19,-8.89856,-380.837,2059.25
5,0,1,-1026.07,82.1655,2062.43,-13.566,-382.865,2058.98
5,0,1,-1022.39,84.007,2061.2,-14.3852,-386.598,2052.19
5,0,1,-1027.07,82.0556,2065.6,-15.0085,-387.026,2046.87
5,0,1,-1026.63,81.9746,2066.11,-19.8598,-387.64,2047.92
5,0,1,-1026.26,82.8501,2070.99,-20.6659,-387.32,2050.39
5,0,1,-1025.14,81.819,2067.81,-19.436,-387.117,2053.66
5,0,1,-1025.33,82.9291,2070.22,-22.4108,-387.763,2053.05
5,0,1,-1024.33,82.8001,2064.52,-22.3961,-389.186,2051.68
5,0,1,-1027.02,90.7426,2047.67,-15.961,-379.315,2017.61
5,0,1,-1014.94,91.2378,2051.78,-14.5392,-377.853,2018.06
5,0,1,-1012.01,88.9797,2053.01,-12.9803,-383.409,2021.33
5,0,1,-1002.57,88.7168,2050.3,-2.48424,-377.7,2011.26
5,0,1,-995.993,87.9448,2054.6,0.789339,-378.79,2004.88
5,0,1,-993.062,84.7189,2051.75,3.6333,-382.092,2007.47
5,0,1,-990.607,84.8176,2055.71,9.41981,-379.382,2006.94
5,0,1,-985.343,85.3569,2056.91,8.29953,-376.535,2010.86
5,0,1,-985.242,84.7439,2053.84,10.7886,-373.416,2013.62
5,0,1,-987.002,81.9023,2052.2,16.6016,-373.899,2015.17
5,0,1,-988.362,78.7886,2049.15,26.5365,-380.432,2010.35
5,0,1,-992.372,79.1278,2050.74,24.4146,-377.247,2009.65
5,0,1,-990.268,77.1123,2046.3,33.7781,-379.554,2009.45
5,0,1,-989.536,72.8915,2046.21,35.3058,-380.852,2011.12
5,0,1,-988.861,75.6711,2043.49,39.8972,-377.608,2012.12
5,0,1,-991.443,73.7102,2042.04,39.7022,-373.559,2015.21
5,0,1,-994.09,72.3619,2040.05,42.5934,-369.46,2018.71
5,0,1,-992.141,73.2464,2037.08,43.6309,-370.699,2020.99
5,0,1,-993.058,72.6267,2038.42,50.5357,-367.842,2018.88
5,0,1,-995.83,73.2836,2035.98,54.5282,-370.661,2018.43
5,0,1,-992.847,70.7628,2037.36,55.1957,-372.492,2020.68
5,0,1,-989.906,72.1563,2038.84,55.5685,-372.167,2021.97
5,0,1,-982.091,76.4063,2035.05,59.7448,-374.418,2023.48
5,0,1,-976.39,79.7481,2034.32,58.2398,-381.79,2022.82
5,0,1,-972.634,82.7481,2034.66,58.7417,-383.125,2022.43
5,0,1,-970.037,84.6988,2036.55,63.0519,-384.32,2022.18
5,0,1,-964.089,87.1438,2039.29,70.7792,-383.985,2020.24
5,0,1,-964.033,89.3787,2039.51,70.6351,-386.474,2019.06
5,0,1,-963.293,89.9811,2043.42,72.0101,-393.894,2020.07
5,0,1,-956.465,89.3496,2038.66,75.6685,-389.251,2017.98
5,0,1,-950.082,88.9695,2041.31,80.9971,-382.524,2021.83
5,0,1,-940.372,88.9502,2040.73,84.9557,-382.656,2020.6
5,0,1,-928.256,95.5808,2044.55,89.8646,-381.566,2019.7
5,5,1,-917.416,95.8272,2049.97,91.8448,-381.831,2021.03
5,5,1,-912.342,97.0356,2048.98,99.0604,-384.171,2020.74
5,5,1,-905.529,97.1456,2053.99,107.569,-383.322,2024.32
5,5,1,-897.595,100.422,2058.24,107.815,-389.267,2025.84
5,5,1,-893.429,103.528,2070.97,117.228,-399.022,2021.64
5,5,1,-885.568,102.198,2073.42,122.004,-406.724,2021.57
5,5,1,-880.873,106.09,2085.12,130.217,-409.739,2018.47
5,5,1,-878.082,110.551,2088.31,132.066,-413.315,2022.61
5,5,1,-870.956,112.186,2090.37,140.677,-412.694,2024.69
5,5,1,-870.199,115.021,2090.2,143.818,-408.91,2024.36
5,5,1,-865.909,116.567,2094.34,148.885,-410.252,2023.68
5,5,1,-866.036,114.468,2094.31,154.099,-408.221,2023.69
5,5,1,-866.351,116.819,2096.52,158.229,-410.75,2025.88
5,5,1,-869.218,115.663,2097.45,163.353,-409.94,2027.27
5,5,1,-874.655,115.758,2099.52,168.176,-412.428,2029.18
5,5,1,-872.232,115.734,2099.46,169.788,-410.361,2033.17
5,5,1,-872.31,114.228,2096.92,175.59,-411.121,2035.62
5,5,1,-871.584,111.064,2094.71,176.472,-407.398,2039.77
5,5,1,-872.236,110.833,2091.7,181.688,-404.802,2047.97
5,5,1,-870.83,111.91,2090.77,188.245,-402.445,2053.37
5,5,1,-875.923,111.703,2090.3,180.931,-404.314,2056.89
5,5,1,-876.795,111.252,2083.94,186.912,-403.626,2058.2
5,5,1,-879.243,104.844,2082.63,188.742,-401.407,2058.96
5,5,1,-877.788,105.928,2081.61,189.395,-402.812,2059.82
5,5,1,-875.798,103.359,2074.99,188.76,-403.019,2059.74
5,5,1,-873.651,102.317,2071.83,188.253,-400.776,2058.78
5,5,1,-871.65,102.189,2072.24,190.121,-398.265,2058.73
5,5,1,-867.244,102.36,2073.73,192.644,-399.683,2060.37
5,5,1,-863.485,106.28,2071.52,193.286,-403.803,2058.31
5,5,1,-859.23,110.674,2068.98,191.64,-403.5,2058.56
5,5,1,-858.702,108.265,2069.52,196.047,-406.233,2054.11
5,5,1,-854.352,109.933,2071.57,203.384,-403.728,2048.08
5,5,1,-848.713,110.699,2069.6,208.17,-413.413,2045.7
5,5,1,-843.955,105.623,2074.88,215.876,-418.255,2048.59
5,5,1,-840.583,104.083,2071.95,218.922,-411.752,2044.58
5,5,1,-829.812,101.99,2073.51,218.393,-405.372,2041.79
5,5,1,-814.294,105.261,2075.62,230.313,-418.346,2035.93
5,5,1,-802.457,106.043,2071.97,236.276,-411.606,2034.81
5,5,1,-792.963,102.048,2070.91,249.696,-416.011,2032.11
5,5,1,-779.871,102.017,2070.2,250.987,-410.029,2030.86
5,5,1,-768.323,101.103,2072.6,256.256,-412.278,2028.45
5,5,1,-761.467,102.18,2076.48,265.312,-415.42,2026.35
5,5,1,-750.844,103.655,2077.48,275.611,-419.54,2026
5,5,1,-740.611,102.533,2083.47,284.966,-417.519,2025.96
5,5,1,-728.927,102.614,2082.5,290.05,-412.423,2020.14
5,5,1,-722.497,101.122,2083.06,298.106,-416.043,2022.51
5,5,1,-715.25,100.759,2084.39,300.283,-416.749,2023.18
5,5,1,-707.794,99.8523,2082.37,308.643,-412.666,2021.2
5,5,1,-706.283,98.9587,2084.48,315.91,-416.681,2022.64
5,5,1,-703.27,98.4209,2084.47,321.825,-417.756,2018.42
5,5,1,-702.04,100.017,2083.15,325.499,-417.597,2019.53
5,5,1,-699.584,100.837,2079.97,327.834,-411.976,2019.94
5,5,1,-703.036,104.222,2081.64,332.18,-406.895,2021.78
5,5,1,-700.356,104.06,2078.82,336.396,-407.844,2021.6
5,5,1,-702.713,102.761,2072.56,341.064,-410.247,2018.89
5,5,1,-702.594,101.203,2070.86,346.663,-412.258,2021.12
5,5,1,-703.104,99.5235,2066.29,346.367,-414.654,2024.11
5,5,1,-703.332,101.113,2060.99,345.01,-411.889,2027.4
5,5,1,-705.313,100.786,2057.59,349.4,-410.957,2023.4
5,5,1,-701.889,101.605,2052.78,355.625,-411.336,2022.34
5,5,1,-701.337,102.458,2050.13,356.021,-408.19,2019.7
5,5,1,-699.109,103.453,2045.6,359.764,-407.966,2016.98
5,5,1,-699.626,101.883,2043.7,364.287,-407.737,2019.92
5,5,1,-697.482,103.513,2041.47,365.435,-405.202,2017.18
5,5,1,-692.519,105.669,2037.84,365.63,-398.685,2012.86
5,5,1,-690.535,105.369,2034.4,370.036,-396.881,2014.71
5,5,1,-689.686,110.093,2034.09,371.673,-398.203,2013.35
5,5,1,-689.334,115.193,2032.22,374.643,-397.621,2010.42
5,5,1,-683.315,115.339,2033.83,376.726,-395.215,2009.86
5,5,1,-676.76,117.64,2033.92,385.057,-396.812,2009.9
5,5,1,-670.344,119.862,2036.23,389.834,-397.212,2007
5,5,1,-661.02,121.753,2033.32,395.861,-395.28,2003.92
5,5,1,-649.727,121.952,2034.6,401.855,-398.78,2001.95
5,5,1,-640.379,121.654,2032.71,412.839,-413.646,2001.99
5,5,1,-623.874,115.826,2033.47,423.471,-419.546,1998.69
5,5,1,-614.424,114.19,2037.01,426.044,-416.796,2000.31
5,5,1,-605.861,112.187,2037.82,433.075,-413.321,2001.99
5,5,1,-598.874,108.377,2040.9,433.526,-410.474,2002
5,5,1,-586.789,106.203,2040.85,442.114,-409.411,2001.24
5,5,1,-571.514,106.323,2040.52,447.904,-407.009,2001.62
5,5,1,-560.201,104.915,2042.76,449.944,-408.149,2005.35
5,5,1,-550.132,104.444,2044.46,458.618,-408.095,2003.2
5,5,1,-551.006,100.07,2044.78,460.892,-407.754,2004.81
5,5,1,-546.591,98.1467,2043.15,472.385,-409.359,2006.28
5,5,1,-542.109,95.8398,2045.46,474.104,-411.705,2005.53
5,5,1,-534.719,93.8795,2043.35,478.359,-415.657,2007.39
5,5,1,-527.307,94.2734,2044.77,480.873,-418.654,2006.45
5,5,1,-522.024,97.7373,2040.85,487.398,-420.293,2003.47
5,5,1,-522.315,95.5662,2041.91,490.654,-422.147,2004.59
5,5,1,-525.006,92.6305,2039.08,494.894,-420.469,2007.29
5,5,1,-529.375,90.4821,2035.16,500.262,-414.911,2005.05
5,5,1,-526.187,89.9534,2031.45,500.781,-410.913,2012.7
5,5,1,-526.412,88.6676,2031.34,503.015,-409.13,2012.91
5,5,1,-526.873,89.6046,2028.05,508.653,-408.654,2011.64
5,5,1,-528.279,92.4954,2025.55,510.855,-409.067,2015.38
5,5,1,-527.701,95.0838,2021.26,511.184,-407.566,2017.31
5,5,1,-526.487,94.6666,2021.11,513.815,-406.121,2018.97
5,5,1,-523.543,92.5875,2023.13,516.196,-404.848,2023.46
5,5,1,-522.612,96.1884,2023.88,520.739,-403.126,2022.49
5,5,1,-517.905,98.7997,2023.94,520.318,-399.5,2025.6
5,5,1,-513.948,97.0892,2024.2,525.474,-398.624,2025.96
5,5,1,-507.583,101.726,2022.76,529.682,-398.894,2026.95
5,5,1,-507.363,105.977,2023.79,539.845,-401.052,2019.69
5,5,1,-501.143,104.305,2027.41,546.174,-411.88,2018.5
5,5,1,-496.615,111.215,2029.38,551.199,-417.512,2016.66
5,5,1,-490.18,110.204,2030.73,553.501,-421.023,2016.98
5,5,1,-487.371,112.788,2030.28,562.816,-421.206,2021.82
5,5,1,-481.245,111.616,2028.59,568.587,-425.57,2019.95
5,5,1,-467.757,109.068,2029.84,577.255,-423.943,2021.71
5,5,1,-458.654,108.434,2035.24,586.391,-424.395,2019.13
5,5,1,-439.382,99.4829,2036.13,595.04,-423.736,2022.97
5,5,1,-434.397,103.561,2036.97,599.34,-422.995,2020.36
5,5,1,-429.297,100.356,2039.57,605.129,-423.817,2020.81
5,5,1,-421.863,98.691,2039.23,612.469,-424.106,2020.56
5,0,1,-399.231,97.7448,2046.34,619.264,-423.344,2022.07
5,0,1,-375.065,98.6149,2055.13,627.1,-426.209,2021.43
5,0,1,-367.018,95.1748,2059.33,626.909,-428.528,2024.03
5,0,1,-366.463,92.0204,2062.63,631.686,-431.89,2023.71
5,0,1,-360.947,91.7308,2063.95,637.198,-438.108,2023.84
5,0,1,-359.662,92.6594,2066.89,638.31,-442.358,2023.27
5,0,1,-357.76,93.384,2070.27,641.581,-434.843,2024.46
5,0,1,-357.806,96.0346,2077.64,646.512,-442.58,2023.09
5,0,1,-343.245,94.2184,2077.04,654.361,-449.932,2023.65
5,0,1,-336.144,96.8827,2077.24,651.463,-446.448,2026.73
5,0,1,-333.716,101.392,2077.32,654.795,-442.69,2029.55
5,0,1,-333.972,98.6332,2078.19,653.694,-442.068,2030.35
5,0,1,-333.86,104.462,2074.11,654.938,-441.169,2032.08
5,0,1,-334.831,107.06,2070.64,658.027,-443.803,2034.85
5,0,1,-336.151,107.477,2068.37,661.003,-440.833,2030.94
5,0,1,-339.588,104.202,2065.74,660.141,-441.778,2037.69
5,0,1,-338.125,101.266,2060.94,660.086,-443.4,2039.09
5,0,1,-335.329,102.434,2060.82,658.419,-437.811,2036.01
5,0,1,-334.094,101.114,2058.43,656.964,-431.132,2036.06
5,0,1,-333.826,95.3883,2050.02,657.478,-430.678,2034.5
5,0,1,-335.846,91.0617,2043.34,656.187,-429.567,2034.58
5,0,1,-340.015,85.9993,2041.2,660.22,-426.659,2034.65
5,0,1,-340.955,82.5603,2036.73,660.72,-428.773,2033.81
5,0,1,-343.834,80.925,2032.61,660.216,-426.881,2032.1
5,0,1,-343.819,78.6667,2029.9,654.921,-425.966,2028.63
5,0,1,-345.089,74.5366,2025.35,653.845,-426.442,2026.62
5,0,1,-342.964,73.8847,2021.9,654.446,-424.724,2023.02
5,0,1,-344.005,73.8564,2019.34,654.448,-422.783,2017.27
5,0,1,-343.026,74.1641,2013.16,650.608,-418.031,2016.23
5,0,1,-343.011,73.8659,2008.77,649.446,-410.864,2018.68
5,0,1,-343.66,75.9386,2005.46,651.715,-405.641,2016.44
5,0,1,-340.752,74.9997,2001.04,655.595,-401.697,2016.45
5,0,1,-340.782,77.7217,1999.82,656.462,-399.547,2016.23
5,0,1,-338.968,81.0454,1999.42,661.104,-398.103,2011.54
5,0,1,-335.515,85.2049,1993.01,665.253,-394.381,2004.85
5,0,1,-335.365,88.8789,1990.61,667.49,-394.99,2003.72
5,0,1,-334.264,97.6552,1993.37,672.682,-399.125,2000.51
5,0,1,-333.907,98.9604,1992.82,681.377,-413.081,1988.92
5,0,1,-319.743,106.055,1988.66,688.5,-420.931,1981.32
5,0,1,-309.084,105.198,1986.95,690.91,-422.484,1975.83
5,0,1,-302.748,106.768,1986.28,692.777,-421.098,1967.68
5,0,1,-295.958,110.253,1983.23,697.585,-420.121,1961.52
5,0,1,-292.461,111.602,1982.47,701.938,-419.843,1953.45
5,0,1,-286.457,110.295,1978.34,703.468,-422.908,1946.17
5,0,1,-284.814,112.008,1974.39,706.247,-422.285,1937.83
5,0,1,-278.967,112.585,1971.79,708.197,-418.59,1929
5,0,1,-273.432,114.545,1971.32,709.22,-409.596,1919.98
5,0,1,-265.438,115.58,1970.63,710.889,-407.454,1916.64
5,0,1,-264.893,116.487,1971.76,714.414,-405.823,1909.31
5,0,1,-260.796,121.916,1970.55,716.642,-407.152,1903.49
5,0,1,-255.655,122.992,1966.67,718.955,-406.64,1903.73
5,0,1,-255.653,123.205,1968.4,720.088,-406.375,1901.27
5,0,1,-256.758,121.719,1967.69,723.718,-406.46,1894.03
5,0,1,-254.926,124.798,1965.96,720.386,-397.347,1892.89
5,0,1,-253.671,125.865,1958.78,720.548,-392.905,1888.28
5,0,1,-251.883,126.961,1952.66,724.385,-393.337,1886.08
5,0,1,-256.039,126.364,1942.78,721.376,-394.824,1879.39
5,0,1,-263.51,130.438,1937.1,717.546,-394.395,1876.27
5,0,1,-268.304,133.826,1931.7,715.012,-396.168,1873.67
5,0,1,-274.658,133.296,1926.84,710.973,-397.464,1866.39
5,0,1,-285.438,133.774,1919.38,702.289,-394.04,1866.52
5,0,1,-288.083,134.905,1909.41,697.955,-390.881,1860.96
5,0,1,-291.605,135.211,1901.83,694.942,-385.648,1854.04
5,0,1,-301.591,135.364,1896.94,688.248,-385.121,1848.18
5,0,1,-311.488,139.168,1892.57,681.883,-386.526,1845.15
5,0,1,-316.963,138.943,1889.51,677.799,-388.004,1842.4
5,0,1,-324.379,139.406,1886.47,672.778,-385.727,1840.09
5,0,1,-332.363,142.006,1881.15,668.311,-382.634,1844.66
5,0,1,-340.677,143.98,1872.24,664.447,-381.169,1841.85
5,0,1,-345.174,143.273,1865.51,658.942,-378.923,1839.72
5,0,1,-350.257,143.75,1859.17,654.131,-381.611,1840.85
5,0,1,-352.002,145.517,1854.69,651.857,-380.456,1836.53
5,0,1,-357.946,148.014,1850.53,647.465,-377.565,1839.09
5,0,1,-358.296,149.633,1847.8,645.227,-374.541,1841.9
5,0,1,-355.534,150.089,1846.17,643.136,-369.334,1839.41
5,0,1,-354.746,152.214,1847.83,641.533,-369.991,1839.77
5,0,1,-359.666,150.505,1849.89,639.364,-369.25,1837.26
5,0,1,-357.571,149.119,1851.83,637.765,-371.593,1838.39
5,0,1,-355.183,146.972,1854.37,636.443,-381.939,1838.48
5,0,1,-355.521,147.908,1857.55,633.484,-385.321,1835.26
5,0,1,-355.832,147.233,1860.64,632.856,-391.642,1834.32
5,0,1,-355.986,149.138,1864.48,628.534,-390.093,1833.44
5,0,1,-358.913,149.596,1869.15,625.107,-387.981,1829.63
5,0,1,-357.335,151.674,1875.86,618.759,-389.262,1836.31
5,0,1,-362.275,153.566,1881,614.887,-389.825,1834.27
5,0,1,-364.043,152.565,1885.41,615.127,-387.507,1834.14
5,0,1,-366.022,152.343,1889.76,610.487,-386.359,1830.71
5,0,1,-371.879,154.523,1890.51,610.4,-385.202,1829.13
5,0,1,-388.367,149.85,1892.68,601.072,-384.196,1830.83
5,0,1,-395.122,144.759,1893.28,589.448,-378.267,1835.7
5,0,1,-406.718,138.916,1890.62,580.483,-371.168,1839.6
5,5,1,-424.518,131.139,1895.45,576.522,-387.596,1838.03
5,5,1,-425.896,126.43,1891.2,565.453,-389.624,1839.58
5,5,1,-430.444,122.385,1883.69,558.289,-388.883,1840.74
5,5,1,-440.69,118.303,1877.46,546.506,-384.547,1846.88
5,5,1,-458.531,115.487,1873.93,540.222,-384.233,1848.81
5,5,1,-471.7,116.198,1872.12,534.873,-383.421,1854.28
5,5,1,-477.683,115.34,1870.83,526.767,-386.852,1859.58
5,5,1,-484.122,114.662,1871.81,515.188,-373.633,1868.57
5,5,1,-504.279,117.222,1871.97,513.014,-373,1871.86
5,5,1,-515.155,117.994,1871.97,507.054,-377.825,1878.07
5,5,1,-522.707,115.969,1873.01,507.078,-375.809,1883.34
5,5,1,-529.074,117.438,1877.65,496.314,-361.606,1888.66
5,5,1,-533.63,117.37,1874.48,490.628,-369.132,1893.03
5,5,1,-539.362,120.013,1880.38,490.749,-365.723,1899.23
5,5,1,-546.544,115.917,1879.92,485.614,-373.293,1901.91
5,5,1,-552.115,113.827,1883.43,483.674,-362.451,1907.74
5,5,1,-554.171,113.286,1886.48,483.419,-374.356,1908.19
5,5,1,-560.493,112.145,1887.69,486.227,-375.348,1913.71
5,5,1,-566.637,113.115,1891.95,482.874,-375.336,1909.19
5,5,1,-565.444,108.409,1895.28,478.814,-369.899,1916.49
5,5,1,-563.778,109.388,1899.52,477.779,-382.834,1919.04
5,5,1,-564.618,105.927,1903.54,477.164,-383.005,1921.26
5,5,1,-562.585,103.846,1910.06,477.847,-386.906,1924
5,5,1,-553.053,100.514,1914.89,481.079,-386.3,1925.44
5,5,1,-550.008,99.939,1923.84,480.202,-380.556,1924.79
5,5,1,-549.622,98.3905,1930.41,480.32,-392.91,1930.74
5,5,1,-550.33,98.8126,1934.08,479.785,-392.424,1930.5
5,5,1,-547.388,102.361,1940.18,481.86,-392.387,1933.88
5,5,1,-542.33,104.107,1944.07,482.978,-397.583,1941.95
5,5,1,-538.361,106.166,1949.06,481.575,-400.256,1943.81
5,5,1,-537.197,108.349,1956.94,478.865,-408.281,1951.98
5,5,1,-534.723,109.872,1962.46,477.59,-415.675,1955.35
5,5,1,-530.832,112.261,1970.12,473.03,-417.261,1964.18
5,5,1,-531.884,115.982,1977.62,472.465,-417.442,1967.91
5,5,1,-534.466,121.732,1981.66,469.234,-413.643,1975.21
5,5,1,-536.272,124.817,1987.39,467.05,-426.094,1985.31
5,5,1,-535.497,125.164,1990.66,461.536,-430.056,1989.4
5,5,1,-536.479,124.772,1993.86,459.439,-432.209,1999.89
5,5,1,-538.717,125.167,1997.3,455.8,-435.839,2004.98
5,5,1,-536.418,124.788,2001.22,445.047,-434.879,2005.91
5,5,1,-539.511,120.117,2000.77,441.254,-442.421,2009.54
5,5,1,-545.813,121.075,2001.15,437.003,-442.178,2014.66
5,5,1,-549.573,119.256,2000.57,433.386,-443.302,2019.03
5,5,1,-553.762,115.585,1995.48,422.75,-440.33,2021.83
5,5,1,-566.116,108.302,1990.16,412.146,-443.22,2031.01
5,5,1,-578.471,109.768,1989.46,407.577,-438.567,2039.2
5,5,1,-586.279,110.016,1988.75,400.743,-433.336,2046.15
5,5,1,-592.047,111.23,1986.88,395.205,-429.827,2047.94
5,5,1,-605.167,111.514,1987.5,395.005,-430.426,2051.14
5,5,1,-611.993,112.95,1989.13,387.119,-430.529,2053.85
5,5,1,-618.028,112.65,1986.99,382.127,-430.447,2051.61
5,5,1,-629.949,113.266,1988.46,374.658,-415.639,2057.32
5,5,1,-638.783,116.047,1989.83,369.041,-420.177,2061.58
5,5,1,-647.11,111.681,1990.76,370.769,-418.32,2064.22
5,5,1,-658.116,115.181,1991.79,362.635,-417.784,2068.99
5,5,1,-665.985,112.591,1992.66,359.294,-416.895,2072.91
5,5,1,-671.144,114.359,1998.01,351.606,-420.384,2084.14
5,5,1,-673.432,113.186,2000.91,351.804,-421.998,2087.27
5,5,1,-675.802,114.251,2011.23,346.742,-423.147,2093.83
5,5,1,-681.816,115.919,2021.39,345.215,-421.241,2093.1
5,5,1,-685.864,117.251,2030.69,341.609,-425.026,2097.65
5,5,1,-685.638,116.948,2041.23,331.587,-422.69,2103.66
5,5,1,-689.428,120.199,2054.57,327.575,-421.817,2109.28
5,5,1,-694.599,121.429,2068.41,333.339,-434.2,2107.09
5,5,1,-702.338,122.842,2082.16,329.378,-438.92,2111.04
5,5,1,-704.168,127.595,2089.86,330.955,-441.994,2120.29
5,5,1,-707.891,129.715,2100.43,322.464,-439.724,2123.18
5,5,1,-703.388,131.046,2114.89,319.108,-436.347,2136.04
5,5,1,-696.912,134.762,2130.87,320.82,-444.435,2139.74
5,5,1,-688.129,136.161,2141.58,323.978,-451.267,2139.78
5,5,1,-684.515,135.633,2148.91,315.173,-462.671,2150.65
5,5,1,-680.527,140.646,2165.8,313.71,-464.308,2148.94
5,5,1,-677.661,141.843,2175.66,312.632,-468.695,2156.42
5,5,1,-670.485,140.378,2181.01,312.089,-469.207,2161.65
5,5,1,-669.238,140.655,2191.14,304.746,-467.701,2164.09
5,5,1,-672.99,142.54,2197.62,301.457,-465.08,2168.35
5,5,1,-672.237,141.804,2199.74,297.506,-463.077,2167.49
5,5,1,-672.974,138.799,2212.03,299.901,-465.319,2171.16
5,5,1,-676.586,141.051,2219.43,286.855,-462.951,2173.26
5,5,1,-676.127,138.726,2224.1,280.497,-456.734,2174.6
5,5,1,-681.264,132.904,2228.3,276.362,-453.788,2174.01
5,5,1,-684.205,128.519,2231.66,272.854,-455.395,2167.89
5,5,1,-688.888,123.459,2231.16,262.54,-458.251,2172.04
5,5,1,-697.336,112.088,2229.57,261.239,-456.308,2173.38
5,5,1,-708.209,105.472,2227.29,253.81,-460.738,2173.97
5,5,1,-720.15,95.5489,2226.05,244.419,-463.793,2172.61
5,5,1,-762.135,92.0388,2217.11,242.631,-462.894,2179.91
5,5,1,-774.541,85.7824,2227.51,237.253,-459.677,2177.69
5,5,1,-784.125,77.0398,2223.3,230.305,-459.619,2178.97
5,5,1,-788.674,67.4794,2222.71,218.874,-459.694,2177.41
5,5,1,-806.92,68.2353,2227.85,214.143,-457.704,2177.96
5,5,1,-822.479,70.3475,2234.56,207.711,-450.051,2176.67
5,5,1,-819.649,63.5321,2221.2,198.159,-453.846,2180.33
5,5,1,-801.629,54.8483,2217.85,195.168,-454.42,2179.24
5,5,1,-802.226,53.4003,2216.59,189.629,-453.089,2178.35
5,5,1,-805.43,54.3375,2212.53,184.673,-457.264,2186.47
5,5,1,-812.797,53.3178,2210.3,175.814,-449.438,2187.3
5,5,1,-817.426,54.2943,2209.24,170.177,-447.601,2189.19
5,5,1,-820.567,56.4247,2206.41,164.617,-446.918,2192.55
5,5,1,-823.573,59.8195,2203.74,166.582,-449.568,2191.86
5,5,1,-823.901,62.2596,2203.43,161.704,-456.181,2194.01
5,5,1,-828.453,63.6317,2203.16,157.171,-460.569,2197.29
5,5,1,-831.576,64.0327,2199.39,158.773,-462.748,2197.55
5,5,1,-833.158,64.2079,2200.27,158.83,-462.788,2199.27
5,5,1,-831.041,65.2607,2198.33,159.416,-461.827,2200.61
5,5,1,-830.856,66.5581,2201.64,159.621,-460.842,2196.78
5,5,1,-833.184,65.1746,2204.99,164.819,-457.879,2198.9
5,5,1,-826.852,63.1489,2208.26,169.364,-457.165,2204.41
5,5,1,-824.466,61.1402,2215.83,171.645,-454.709,2198.88
5,5,1,-822.142,60.4378,2221.92,176.916,-455.164,2201.78
5,5,1,-819.941,56.8445,2232.52,181.008,-454.455,2201.03
5,5,1,-811.718,57.1458,2246.1,194.178,-454.669,2196.79
5,5,1,-803.325,58.0011,2252.66,199.244,-457.149,2206.54
5,5,1,-801.934,54.8631,2257.51,199.308,-457.503,2203.06
5,5,1,-800.855,55.7041,2261.08,201.28,-455.958,2198.44
5,5,1,-800.703,56.416,2263.87,204.144,-453.464,2199.61
5,5,1,-779.451,56.3326,2266.44,203.168,-450.979,2202.91
5,5,1,-762.978,57.6383,2268.72,203.977,-447.696,2204.27
5,5,1,-767.168,59.706,2281.24,205.556,-443.149,2210.5
5,5,1,-766.94,60.6307,2292.36,208.548,-440.524,2214.91
5,5,1,-767.016,61.935,2297.82,210.899,-443.504,2218.5
5,5,1,-764.375,62.8647,2306.84,214.49,-449.118,2215.17
5,5,1,-756.744,62.7394,2308.09,220.428,-457.744,2210.74
5,5,1,-755.267,60.691,2314.2,222.228,-468.233,2214.82
5,5,1,-759.92,59.6571,2317.5,219.435,-469.322,2215.96
5,5,1,-761.574,59.6628,2319.39,221.154,-470.85,2216.09
5,5,1,-760.635,60.846,2320.55,221.582,-470.278,2217.38
5,5,1,-764.826,54.7717,2318.13,218.492,-464.57,2220.74
5,5,1,-766.218,53.9718,2321.01,217.492,-476.513,2225.7
5,5,1,-771.163,52.1683,2321.17,211.683,-475.331,2224.85
5,5,1,-770.026,48.5854,2317.53,212.704,-475.273,2227.81
5,5,1,-773.097,42.4388,2317.95,207.188,-474.312,2230.66
5,5,1,-778.297,41.4038,2321.29,197.653,-473.832,2235.45
5,5,1,-786.315,41.4762,2318.26,198.667,-472.416,2236.5
5,5,1,-797.682,39.2079,2320.47,193.509,-471.928,2234.43
5,5,1,-802.995,40.0141,2317.74,182.41,-469.041,2231.79
5,5,1,-812.215,38.3165,2318.28,176.137,-462.945,2238.26
5,5,1,-822.543,35.6409,2318.72,173.248,-458.382,2238.61
5,5,1,-835.913,34.8588,2316.19,166.752,-456.389,2238.39
5,5,1,-849.741,33.4129,2315.25,155.56,-461.412,2242.13
5,5,1,-860.988,33.6228,2317.86,149.803,-454.397,2246.59
5,5,1,-868.195,31.6456,2316.2,138.807,-456.164,2244.18
5,5,1,-877.789,26.9637,2315.89,136.504,-462.071,2241.38
5,5,1,-884.912,29.1986,2314.27,121.551,-461.316,2245.28
5,0,1,-893.824,27.7527,2313.09,120.518,-462.804,2248.76
5,0,1,-902.013,27.7317,2313.48,112.775,-461.003,2250.54
5,0,1,-908.411,29.6851,2311.19,104.886,-460.032,2254.78
5,0,1,-916.418,30.0301,2311.11,99.5073,-461.063,2258.22
5,0,1,-922.693,31.3051,2310.29,95.6157,-456.188,2257.03
5,0,1,-929.309,30.7938,2311.09,89.2611,-452.728,2253.01
5,0,1,-930.639,33.2569,2307.7,82.9543,-447.074,2256.9
5,0,1,-935.495,32.2859,2311.02,81.4175,-442.641,2256.05
5,0,1,-937.092,32.8629,2313.05,74.7998,-441.782,2259.38
5,0,1,-937.249,33.158,2314.3,75.4675,-438.353,2261.04
5,0,1,-936.382,33.4951,2313.51,70.7468,-435.295,2262.01
5,0,1,-937.826,33.4376,2316.37,77.8284,-436.771,2257.75
5,0,1,-935.622,34.3151,2316.83,71.3849,-440.318,2259.01
5,0,1,-935.051,31.7477,2320.42,69.3388,-446.242,2261.06
5,0,1,-933.679,31.3708,2318.74,69.8889,-451.377,2256.93
5,0,1,-936.445,31.2913,2320.82,69.2365,-458.613,2254.76
5,0,1,-937.019,31.6116,2321.34,72.5112,-457.82,2251.97
5,0,1,-939.443,29.3855,2323.48,68.034,-455.916,2251.05
5,0,1,-939.818,30.0188,2324.93,65.7997,-452.068,2255.09
5,0,1,-942.517,25.7338,2325.42,59.9795,-451.68,2262.41
5,0,1,-948.245,23.8484,2325.13,56.1726,-447.985,2248.86
5,0,1,-947.105,21.0483,2318.57,48.9935,-449.993,2253.22
5,0,1,-955,19.9577,2314.42,42.1744,-454.608,2260.63
5,0,1,-971.068,19.6466,2315.64,35.284,-454.288,2260.56
5,0,1,-972.69,16.6607,2307.96,22.5996,-453.738,2265.15
5,0,1,-983.72,11.0928,2305.11,13.6152,-454.022,2269.4
5,0,1,-992.665,11.6402,2298.3,9.81369,-452.276,2271.7
5,0,1,-1004.74,11.0723,2299.88,0.954156,-454.189,2274.8
5,0,1,-1014.03,12.655,2294.55,-14.0462,-452.017,2278.92
5,0,1,-1019.82,12.8564,2290.89,-25.125,-450.191,2281.33
5,0,1,-1030.32,11.4139,2292.02,-24.8952,-450.593,2278.9
5,0,1,-1034.11,7.45165,2284.45,-28.1685,-450.673,2279.88
5,0,1,-1037.37,7.20814,2284.87,-40.0273,-452.624,2295.13
5,0,1,-1038.91,8.73942,2279.47,-35.9297,-461.586,2293.49
5,0,1,-1040.32,6.2359,2279.09,-44.6378,-458.228,2301.06
5,0,1,-1045.53,4.98929,2280.13,-41.1806,-453.639,2301.3
5,0,1,-1047.48,1.86358,2279.04,-41.9095,-447.062,2301.59
5,0,1,-1046.29,0.793788,2278.11,-35.6159,-445.42,2298.62
5,0,1,-1044.32,1.56825,2277.31,-30.106,-442.414,2287.36
5,0,1,-1045.63,0.868217,2277.51,-31.372,-444.936,2294.92
5,0,1,-1044.59,1.99673,2280.84,-22.1015,-446.522,2288.92
5,0,1,-1036.78,3.93124,2283.69,-15.2276,-446.836,2286.18
5,0,1,-1035.41,5.45994,2285.65,-5.24209,-452.57,2288.25
5,0,1,-1031.06,4.14086,2288.38,0.440462,-447.718,2285.97
5,0,1,-1023.36,5.04946,2295,13.0221,-451.705,2290.39
5,0,1,-1011.01,8.62595,2295.3,19.9069,-460.719,2278.74
5,0,1,-1000.4,7.7799,2300.88,30.1722,-460.881,2282.7
5,0,1,-989.173,3.83177,2302.37,40.5247,-460.813,2277.2
5,0,1,-973.851,5.14564,2305.57,47.5527,-468.638,2284.97
5,0,1,-961.756,7.79689,2309.84,55.3352,-466.812,2283.89
5,0,1,-948.008,7.14284,2314.38,63.7782,-464.421,2290.82
5,0,1,-940.293,8.21521,2322.36,75.231,-462.134,2293.77
5,0,1,-914.008,6.34612,2323.19,82.6658,-458.511,2292.09
5,0,1,-912.708,4.30524,2329.22,82.0815,-458.309,2294.01
5,0,1,-906.573,1.36778,2326.71,92.937,-458.656,2292.67
5,0,1,-900.821,-0.907408,2330.11,97.4026,-459.899,2290.79
5,0,1,-890.559,-6.58118,2334.88,102.553,-465.289,2297
5,0,1,-882.92,-8.3069,2339.53,110.233,-466.516,2293.61
5,0,1,-879.716,-7.45915,2343.53,114.301,-473.386,2290.68
5,0,1,-879.896,-7.06306,2352.57,121.855,-484.514,2291.12
5,0,1,-875.819,-8.16125,2349.62,121.688,-480.286,2291.31
5,0,1,-866.693,-2.80841,2356.61,126.166,-475.039,2292.39
5,0,1,-862.454,1.64356,2356.46,126.537,-472.869,2296.56
5,5,1,-864.11,3.5497,2355.46,128.04,-475.991,2290.3
5,5,1,-861.294,5.00554,2346.75,127.784,-482.603,2290.89
5,5,1,-864.34,6.7464,2340.99,131.39,-489.486,2284.67
5,5,1,-868.879,9.17002,2333.3,125.468,-488.425,2290.37
5,5,1,-868.16,7.18296,2327.42,126.478,-482.291,2286.56
5,5,1,-870.458,5.49614,2320.09,126.771,-478.085,2282.67
5,5,1,-873.808,3.76848,2307.64,127.108,-476.849,2278.97
5,5,1,-872.393,3.30244,2291.8,123.723,-470.629,2275.82
5,5,1,-874.355,2.11293,2284.35,121.222,-466.767,2271.73
5,5,1,-874.089,0.715036,2273.05,119.086,-463.445,2267.69
5,5,1,-875.308,0.58081,2267.07,122.854,-461.951,2263.02
5,5,1,-874.805,1.93978,2261.76,120.327,-461.312,2258.75
5,5,1,-876.491,4.15096,2256.59,122.278,-461.158,2259.42
5,5,1,-875.843,4.47132,2248.05,120.614,-459.261,2259.06
5,5,1,-878.809,8.33694,2240.39,124.308,-455.193,2254.9
5,5,1,-875.963,10.7855,2232.23,124.929,-450.065,2255.23
5,5,1,-873.716,9.98477,2228.69,126.883,-446.599,2248.88
5,5,1,-872.255,16.9418,2225.3,136.686,-447.028,2232.31
5,5,1,-870.376,21.0335,2224.71,134.12,-451.21,2233.45
5,5,1,-868.077,22.7349,2219.82,140.714,-454.076,2229.43
5,5,1,-863.947,26.5106,2215.79,143.45,-451.637,2226.89
5,5,1,-859.584,29.2022,2215.68,150.281,-442.672,2212.85
5,5,1,-851.277,28.8099,2214.48,158.878,-436.854,2216.5
5,5,1,-846.956,28.617,2212.41,158.045,-426.649,2204.36
5,5,1,-839.937,29.2933,2207.49,166.353,-425.377,2191.6
5,5,1,-833.683,29.511,2208.31,171.339,-437.701,2179.99
5,5,1,-827.021,32.8036,2206.43,178.486,-451.668,2169.82
5,5,1,-818.538,33.8149,2205.6,184.96,-451.158,2165.29
5,5,1,-816.678,34.2282,2201.45,189.576,-450.933,2155.86
5,5,1,-808.89,35.8152,2198.94,189.463,-449.1,2143.77
5,5,1,-799.867,37.5349,2193.15,196.123,-445.227,2138.39
5,5,1,-797.394,39.55,2188.22,202.784,-438.795,2127.72
5,5,1,-795.977,42.2693,2189.15,206.206,-432.882,2121.28
5,5,1,-794.378,45.6715,2185.77,213.887,-429.332,2110.33
5,5,1,-792.005,45.3101,2179.89,217.481,-428.405,2111.38
5,5,1,-790.434,48.6744,2180.52,218.484,-425.763,2108.76
5,5,1,-787.975,50.9487,2175.14,222.764,-421.816,2104.23
5,5,1,-788.245,52.8617,2172.93,229.868,-436.04,2086.61
5,5,1,-789.757,52.6866,2163.16,225.98,-434.841,2091.02
5,5,1,-788.132,54.748,2154.75,226.457,-432.868,2089.27
5,5,1,-790.23,60.8094,2148.53,222.687,-430.495,2084.39
5,5,1,-789.327,61.0406,2140.4,223.045,-427.288,2077.47
5,5,1,-790.543,63.4297,2134.59,220.111,-426.14,2074.9
5,5,1,-791.154,63.165,2124.88,217.481,-422.357,2069.49
5,5,1,-793.668,63.389,2114.51,211.363,-421.341,2066.38
5,5,1,-795.453,61.1896,2106.29,208.304,-418.853,2061.36
5,5,1,-798.354,53.4187,2098.83,206.675,-415.027,2055.11
5,5,1,-804.363,48.9904,2090.25,203.599,-414.238,2047.56
5,5,1,-810.427,50.813,2082.82,205.023,-410.908,2037.19
5,5,1,-850.399,48.7998,2064.31,201.554,-404.489,2036.47
5,5,1,-857.573,50.0691,2052.06,202.66,-400.561,2027.88
5,5,1,-839.515,53.7385,2051.5,202.694,-400.513,2024.66
5,5,1,-824.301,59.8043,2045.22,200.14,-395.051,2022.46
5,5,1,-819.672,61.8275,2038.14,200.026,-388.041,2020.06
5,5,1,-818.303,69.7396,2026.9,198.362,-381.983,2017.24
5,5,1,-817.105,71.4464,2016.31,206.331,-384.904,2009.83
5,5,1,-816.415,78.3131,2010.02,208.019,-390.054,2009.17
5,5,1,-820.122,80.1607,2002.85,210.925,-385.832,2005.25
5,5,1,-821.154,84.0078,1999.46,210.267,-380.14,1996.56
5,5,1,-820.32,84.825,1993.68,216.514,-383.164,1988.8
5,5,1,-819.33,85.4025,1991.89,221.886,-384.331,1980.89
5,5,1,-813.232,90.3238,1986.44,227.444,-385.275,1968.76
5,5,1,-808.24,92.5794,1979.85,223.227,-377.494,1970.81
5,5,1,-803.668,94.7204,1976.52,234.448,-387.709,1960.69
5,5,1,-796.479,94.8367,1968.56,233.905,-388.816,1953.56
5,5,1,-788.838,95.0029,1967.74,237.629,-386.646,1940.84
5,5,1,-782.901,97.9398,1967.45,238.677,-386.489,1935.14
5,5,1,-775.285,100.901,1964.28,239.55,-387.866,1926.12
5,5,1,-769.21,105.699,1961.93,240.555,-387.192,1916.28
5,5,1,-763.54,105.758,1957.92,240.294,-383.007,1908.47
5,5,1,-762.702,109.394,1956.74,243.229,-379.108,1905.47
5,5,1,-757.229,110.626,1950.07,245.96,-374.389,1892.36
5,5,1,-756.126,111.803,1947.9,248.044,-369.436,1885.08
5,5,1,-749.942,116.295,1945.6,249.984,-362.959,1877.12
5,5,1,-744.283,116.365,1942.04,254.992,-360.668,1870.88
5,5,1,-740.83,114.919,1939.24,259.748,-361.466,1864.36
5,5,1,-738.943,114.537,1937.44,260.268,-358.68,1859.5
5,5,1,-739.321,115.728,1932.43,273.417,-359.803,1846.14
5,5,1,-732.059,118.802,1926.94,266.09,-357.154,1846.33
5,5,1,-735.679,121.388,1923.31,267.44,-355.058,1845.05
5,5,1,-741.371,120.276,1914.11,267.808,-350.842,1842.13
5,5,1,-747.681,116.865,1905,267.325,-350.1,1837.64
5,5,1,-751.258,119.81,1899.74,268.483,-348.041,1832.86
5,5,1,-752.174,121.522,1887.44,265.956,-347.527,1833.55
5,5,1,-756.034,120.302,1879.94,261.906,-346.814,1831.72
5,5,1,-755.758,120.307,1872.54,262.517,-345.681,1828.26
5,5,1,-762.253,121.016,1866.15,259.276,-344.458,1830.1
5,5,1,-767.812,122.746,1857.53,255.622,-339.995,1828.37
5,5,1,-772.09,121.239,1847.72,257.691,-338.074,1823.58
5,5,1,-775.669,120.46,1839.35,257.397,-341.529,1824.52
5,5,1,-779.158,121.487,1829.42,255.047,-342.563,1822.92
5,5,1,-782.032,121.102,1821.88,259.834,-339.585,1821.03
5,5,1,-780.672,126.148,1812.6,262.659,-338.885,1818.86
5,5,1,-777.223,129.883,1804.71,264.665,-336.903,1818.37
5,5,1,-772.06,132.984,1800.71,265.953,-336.29,1816.93
5,5,1,-765.751,136.393,1794.45,273.169,-338.238,1818.09
5,5,1,-764.051,138.065,1792.18,278.667,-338.272,1813.64
5,5,1,-760.758,141.779,1788.05,280.672,-339.719,1810.14
5,5,1,-756.661,143.906,1787.78,287.135,-340.802,1803.84
5,5,1,-749.109,145.035,1785.61,295.129,-343.763,1802.03
5,5,1,-740.036,146.134,1783.12,302.253,-348.163,1798
5,5,1,-729.452,149.351,1780.66,307.76,-351.192,1797.2
5,5,1,-723.855,152.091,1782.23,312.183,-353.202,1792.13
5,5,1,-714.247,150.976,1777.16,319.137,-354.556,1788.27
5,5,1,-698.438,153.987,1777.25,325.218,-352.724,1786.43
5,5,1,-680.026,156.409,1781.64,331.827,-354.998,1784.68
5,5,1,-662.953,160.189,1782.71,337.956,-356.712,1778.92
5,5,1,-647.535,162.139,1775.75,343.386,-357.19,1780.16
5,5,1,-635.852,164.103,1773.05,348.469,-358.459,1777.24
5,5,1,-629.091,161.547,1771.93,353.785,-355.172,1776.13
5,5,1,-623.725,161.332,1767.31,360.84,-356.684,1771.65
5,5,1,-616.561,161.126,1765.49,368.258,-356.67,1768.54
5,5,1,-614.493,160.129,1763.64,374.622,-354.007,1765.75
5,5,1,-607.198,158.009,1758.94,381.3,-354.371,1764.5
5,5,1,-600.384,157.629,1757.51,389.922,-354.362,1760.63
5,5,1,-592.892,155.193,1755.72,397.551,-350.197,1762.18
5,5,1,-590.66,158.433,1752.25,401.774,-346.915,1760.34
5,5,1,-587.639,160.079,1749.96,410.074,-342.923,1760.19
5,5,1,-585.81,159.509,1745.03,418.588,-344.753,1761.76
5,5,1,-584.94,160.886,1740.3,418.992,-344.017,1758.74
5,5,1,-587.418,159.198,1735.58,423.299,-342.327,1761.67
5,5,1,-592.122,158.017,1729.23,426.998,-340.712,1761.46
5,5,1,-591.117,156.411,1724.46,431.521,-337.744,1763.61
5,5,1,-591.99,157.298,1718.22,434.092,-336.119,1765.71
5,5,1,-592.268,156.139,1713.65,438.241,-331.611,1762.01
5,5,1,-589.948,154.384,1708.51,441.803,-325.278,1761.51
5,5,1,-587.168,152.923,1702.78,446.322,-322.436,1763.85
5,5,1,-585.171,153.392,1699.71,449.495,-316.409,1762.67
5,5,1,-583.264,154.569,1695.93,449.279,-316.304,1762.42
5,5,1,-580.219,158.766,1693.39,454.776,-317.749,1758.95
5,5,1,-579.863,163.387,1692.63,461.309,-317.984,1755.31
5,5,1,-575.073,166.492,1691.59,466.733,-320.366,1754.65
5,5,1,-571.179,171.021,1692.62,468.928,-326.25,1752.57
5,5,1,-566.846,174.139,1691.43,473.077,-332.325,1752.16
5,5,1,-564.562,178.66,1691.85,479.12,-336.339,1749.89
5,5,1,-562.758,184.579,1693.76,482.223,-338.224,1749.99
5,5,1,-550.226,183.989,1690.43,491.902,-338.574,1749.99
5,5,1,-538.42,184.57,1689.73,497.079,-336.21,1748.34
5,5,1,-528.239,186.001,1690.58,506.582,-338.908,1747.97
5,5,1,-517.771,189.178,1693.61,512.514,-339.764,1750.92
5,5,1,-503.407,187.882,1694.77,525.123,-337.633,1750.4
5,5,1,-486.495,188.533,1695.76,530.773,-340.124,1752.93
5,0,1,-476.415,189.847,1696.96,536.749,-341.735,1754.63
5,0,1,-465.172,189.872,1700.67,544.431,-341.015,1758.18
5,0,1,-453.344,190.006,1702.14,552.326,-341.404,1758.78
5,0,1,-445.658,194.159,1707.1,562.715,-341.626,1756.64
5,0,1,-436.929,194.334,1707.55,571.533,-344.886,1760.06
5,0,1,-428.389,197.717,1711.62,578.986,-354.897,1758.14
5,0,1,-413.091,196.326,1716.13,591.885,-361.7,1755.08
5,0,1,-398.043,197.184,1721.23,591.456,-357.275,1757
5,0,1,-389.671,199.038,1727.47,604.251,-357.546,1756.78
5,0,1,-385.839,200.235,1734.37,612.095,-355.556,1755.12
5,0,1,-382.328,197.836,1737.27,618.977,-358.002,1754.98
5,0,1,-375.636,193.175,1739.36,624.083,-354.849,1757.07
5,0,1,-372.948,191.99,1742.34,630.107,-351.724,1756.52
5,0,1,-372.104,193.793,1745.26,635.982,-353.378,1754.56
5,0,1,-372.139,193.807,1747.55,638.073,-353.33,1757.01
5,0,1,-371.947,194.439,1751.73,639.882,-353.885,1760.46
5,0,1,-371.73,193.005,1752.8,639.046,-353.021,1758.28
5,0,1,-371.919,192.63,1754.48,638.768,-352.574,1755.52
5,0,1,-371.564,193.251,1755.5,637.676,-353.066,1757.88
5,0,1,-371.94,192.95,1757.58,634.67,-355.024,1753.94
5,0,1,-370.959,191.051,1756.43,629.769,-359.175,1754.25
5,0,1,-366.204,191.307,1756.35,624.214,-363.531,1750.8
5,0,1,-364.311,188.832,1755.5,615.368,-367.531,1748.65
5,0,1,-367.419,186.632,1753.82,608.931,-367.608,1747.41
5,0,1,-369.999,181.973,1756.53,601.981,-368.518,1746.39
5,0,1,-372.415,183.279,1764.35,593.563,-366.698,1745.77
5,0,1,-379.741,182.143,1770.06,584.697,-364.554,1745.62
5,0,1,-384.177,177.958,1776.47,578.56,-361.335,1740.87
5,0,1,-392.26,172.643,1780.02,572.305,-360.171,1738.38
5,0,1,-399.787,166.521,1786.36,562.266,-357.038,1737.99
5,0,1,-404.63,159.926,1791.8,550.955,-354.901,1734.98
5,0,1,-417.939,152.821,1794.69,543.89,-357.376,1733.5
5,5,1,-431.696,143.395,1796.23,536.733,-357.144,1732.39
5,5,1,-448.757,135.834,1799.37,532.761,-358.157,1728.46
5,5,1,-466.066,130.516,1803.95,520.655,-355.818,1727.3
5,5,1,-481.856,123.683,1804.99,512.562,-350.038,1725.11
5,5,1,-501.31,120.224,1808.26,507.917,-347.991,1724.84
5,5,1,-574.733,118.204,1810.86,498.421,-346.234,1727.5
5,5,1,-586.39,117.535,1807.66,492.008,-344.561,1727.72
5,5,1,-609.664,126.237,1812.18,475.594,-331.891,1730.92
5,5,1,-624.449,130.533,1814.77,466.114,-323.892,1731.54
5,5,1,-647.012,134.538,1818.99,459.933,-319.333,1728.81
5,5,1,-659.783,139.719,1820.42,451.376,-317.25,1727.48
5,5,1,-673.102,145.356,1817.28,443.869,-308.727,1727.55
5,5,1,-691.763,150.308,1819.4,436.447,-304.493,1728.23
5,5,1,-701.455,152.419,1819.29,429.912,-299.132,1731.65
5,5,1,-707.809,159.383,1815.48,422.916,-293.094,1732.9
5,5,1,-720.114,162.675,1816.3,419.41,-289.385,1733.63
5,5,1,-722.205,170.241,1812.38,417.488,-285.816,1733.17
5,5,1,-731.164,171.633,1807.28,413.414,-284.128,1735.48
5,5,1,-736.801,170.72,1807.88,413.39,-280.332,1737.74
5,5,1,-743.769,169.82,1810.94,411.834,-282.345,1738.67
5,5,1,-738.024,163.378,1813.15,410.099,-280.099,1741.01
5,5,1,-745.286,164.482,1814.3,408.883,-277.826,1741.09
5,5,1,-739.284,158.502,1822.44,406.934,-278.855,1746.69
5,5,1,-623.838,149.199,1827.24,407.486,-277.716,1748.11
5,5,1,-668.673,152.192,1830.88,406.682,-279.654,1748.72
5,5,1,-687.673,153.675,1835.65,405.627,-287.919,1751.13
5,5,1,-688.788,151.186,1842.39,404.73,-303.326,1748.83
5,5,1,-696.677,148.919,1850.86,398.533,-315.368,1754.24
5,5,1,-698.796,148.281,1855.58,389.873,-319.212,1759.17
5,5,1,-700.985,153.174,1861.76,379.922,-320.47,1762.38
5,5,1,-702.969,154.049,1864.85,370.649,-323.052,1767.12
5,5,1,-707.194,154.63,1869.45,364.887,-328.852,1771.66
5,5,1,-711.678,155.049,1870.8,353.218,-329.172,1770.7
5,5,1,-717.689,151.66,1868.95,344.836,-331.01,1775.09
5,5,1,-724.986,150.123,1870.44,326.643,-335.694,1783.78
5,5,1,-732.138,148.64,1867.22,316.909,-339.859,1789.02
5,5,1,-743.958,146.009,1864.57,303.152,-347.721,1794.78
5,5,1,-754.503,143.864,1860.94,290.526,-352.401,1802.71
5,5,1,-768.493,142.936,1860.68,276.94,-353.005,1809.87
5,5,1,-778.719,140.881,1858.19,261.279,-349.383,1812.02
5,5,1,-794.96,138.62,1854.07,247.375,-350.392,1813.83
5,5,1,-806.55,138.159,1854.43,234.705,-351.37,1816.25
5,5,1,-814.028,134.143,1857.68,218.438,-352.013,1816.21
5,5,1,-825.663,134.816,1855.73,208.174,-349.009,1816.79
5,5,1,-843.51,135.819,1859.41,198.261,-346.19,1815.42
5,5,1,-859.311,134.799,1859.1,186.524,-341.471,1814.97
5,5,1,-872.602,133.871,1856.8,180.547,-338.198,1813.72
5,5,1,-882.26,128.367,1855.16,174.297,-338.192,1814.7
5,5,1,-892.456,123.97,1848.35,168.792,-334.347,1814.14
5,5,1,-899.491,121.7,1841.87,163.156,-327.416,1816.31
