<?xml version="1.0" encoding="UTF-8"?>

<Parameter>
	<Output>
		<ModelAPI>
			<URL>http://localhost:8080/ModelAPI/Model-API</URL>
			<Model>FinalUIEventModel.xmi</Model>
		</ModelAPI>
	</Output>
	<Input>
		<DAIRing>
			<port>COM15</port>
		</DAIRing>
	</Input>
	<Recognition>
		<recWindow>5</recWindow>
		<dim>6</dim>
		<streamWindow>60</streamWindow>
		<thresholds>etc/Thresholds.xml</thresholds>
		<SM>
			<Name>LTW</Name>
			<bandWidth>-1</bandWidth>
		</SM>
	</Recognition>
	<UI>
		<Input>DAIRing</Input>
		<selectedTS>Test</selectedTS>
	</UI>
</Parameter>
