class,leftX,leftY,leftZ,rightX,rightY,rightZ
3,-747.8674,152.3044,1941.104,264.3704,384.4932,2066.589
3,-743.7354,153.1912,1952.913,270.7435,380.2447,2076.847
3,-742.6752,152.3772,1964.785,278.8147,376.2599,2080.116
3,-731.2818,150.337,1969.046,288.7886,371.6945,2084.927
3,-725.0378,143.9968,1973.329,292.5818,369.5096,2083.041
3,-719.7904,138.3815,1976.18,297.4952,369.1466,2093.869
3,-711.2953,137.5372,1980.141,299.6038,362.1421,2093.422
3,-701.5417,137.1216,1984.154,303.2662,358.8292,2095.353
3,-703.7645,139.0523,1994.03,304.1996,357.5589,2098.297
3,-704.6149,136.7308,1998.128,307.5416,356.7848,2101.965
3,-706.5811,133.1736,2002.554,310.5352,358.4196,2101.599
3,-708.1844,134.3002,2010.265,310.0782,356.5221,2110.823
3,-708.3094,134.2256,2013.964,308.0642,350.8448,2112.247
3,-708.2473,130.3472,2016.114,312.9233,352.8528,2119.979
3,-714.6908,128.9215,2021.612,314.0241,350.722,2126.463
3,-716.6498,123.8842,2022.466,310.0138,350.3004,2134.208
3,-719.7625,119.9754,2021.951,317.5846,348.4729,2138.771
3,-720.8607,114.0866,2021.422,320.7728,340.3724,2138.811
3,-721.764,110.3546,2019.926,320.5699,336.6725,2141.968
3,-723.5296,109.4196,2020.144,321.8829,336.7347,2146.01
3,-724.1852,109.4128,2021.017,318.5801,338.6976,2147.702
3,-727.596,108.8888,2022.702,321.5582,341.0103,2155.574
3,-726.0563,105.9557,2021.885,319.9207,341.9297,2156.879
3,-727.1432,105.2215,2020.794,316.9175,341.8059,2160.082
3,-729.0772,103.8268,2023.291,315.9296,341.6269,2160.427
3,-733.0763,97.98264,2022.899,307.5012,341.4868,2162.377
3,-737.6848,98.10969,2025.087,304.4535,336.0359,2159.494
3,-742.6635,97.32428,2024.345,304.8913,333.7749,2158.458
3,-742.0563,91.93922,2021.498,301.6743,330.9441,2157.605
3,-740.699,90.75885,2020.224,302.9114,329.7536,2159.004
3,-739.942,89.57706,2018.579,301.5746,333.0184,2158.591
3,-739.1409,89.8004,2016.806,302.7185,336.4673,2156.209
3,-738.2402,89.71906,2018.608,302.9808,340.6558,2157.981
3,-739.5175,90.98766,2018.848,303.7971,342.4232,2156.464
3,-739.7685,96.4067,2019.244,304.1765,345.3132,2155.591
3,-737.6694,97.70489,2018.938,300.8512,344.8432,2153.684
3,-731.2473,96.41284,2017.834,298.2318,343.9079,2149.573
3,-726.2997,100.8505,2015.2,296.3904,345.9806,2148.614
3,-725.0272,106.0321,2016.147,292.3046,347.9233,2146.434
3,-726.8411,105.4099,2015.279,291.9267,351.2981,2146.515
3,-728.4326,106.2882,2018.914,291.6685,352.7406,2144.105
3,-729.5665,108.0984,2020.691,288.8374,353.6333,2142.498
3,-728.3807,109.9592,2018.823,288.67,354.008,2141.79
3,-728.1594,111.7166,2019.308,286.9585,351.2037,2136.646
3,-729.1525,111.1485,2020.572,287.0747,351.8039,2132.596
3,-730.3571,110.4622,2021.064,289.517,351.4128,2135.09
3,-730.1046,108.9763,2023.943,292.387,350.7358,2133.043
3,-726.0909,107.7336,2022.194,293.348,352.7195,2137.653
3,-724.0662,108.2505,2021.648,291.1624,350.0472,2132.989
3,-724.5415,106.055,2019.971,288.0647,349.9689,2128.886
3,-725.5816,105.5442,2023.987,292.3493,349.1521,2128.221
3,-726.5414,105.0176,2023.619,289.8935,349.9901,2129.115
3,-728.1536,103.1883,2022.014,287.3133,352.7889,2130.379
3,-725.0089,103.5765,2023.499,288.7701,354.4425,2134.466
3,-727.6306,102.9913,2022.115,288.1477,353.9835,2133.779
3,-723.9318,103.7342,2025.152,286.596,354.2044,2133.764
3,-727.6265,103.0685,2022.599,287.351,353.5536,2133.632
3,-727.0579,104.086,2023.835,286.5794,351.5639,2136.379
3,-727.1464,105.4107,2026.248,283.5881,350.3792,2133.156
3,-727.7517,104.9881,2023.878,291.7825,353.8573,2137.308
3,-727.5787,106.0559,2027.199,286.7934,354.4627,2139.819
3,-729.2396,106.6149,2028.388,285.718,351.8872,2135.096
3,-729.0812,107.6157,2029.527,287.9678,353.4475,2142.312
3,-729.3196,108.4817,2031.419,288.5991,352.8183,2143.844
3,-732.9397,105.3726,2033.166,289,354.8341,2142.74
3,-738.1486,100.5837,2034.565,294.7096,354.9364,2148.952
3,-740.6857,100.0324,2041.288,294.2381,354.0127,2150.126
3,-747.3912,99.24207,2045.64,293.6701,350.9105,2147.205
3,-748.0261,99.99291,2048.742,298.8565,350.9199,2148.75
3,-750.6778,98.86519,2050.93,299.5257,349.4617,2151.609
3,-750.54,99.0592,2050.881,303.9257,349.6449,2149.448
3,-753.0866,98.54861,2052.904,306.9378,354.6326,2156.654
3,-751.2493,98.09714,2054.442,303.1082,349.9485,2157.681
3,-756.6199,95.58143,2057.498,305.2159,346.7379,2159.115
3,-794.2239,102.8505,2060.634,306.9642,344.1888,2159.477
3,-645.5394,46.13099,2058.524,304.5426,344.7336,2162.926
3,-655.8752,50.83604,2056.638,304.6356,342.8182,2160.077
3,-659.4117,52.0462,2057.578,303.8273,342.7962,2161.766
3,-660.9831,54.85865,2052.788,304.7849,342.1475,2164.429
3,-660.6063,54.6988,2055.966,304.9974,346.2498,2166.894
3,-658.4087,52.69024,2053.488,307.4496,348.0052,2168.378
3,-672.6108,63.30901,2049.876,308.3669,347.5092,2168.663
3,-674.9733,64.87198,2052.051,308.795,346.9723,2168.421
3,-651.3262,46.69983,2055.789,308.1376,346.2009,2168.976
3,-670.9615,63.73344,2049.601,307.2847,346.7863,2167.69
3,-673.8494,64.2194,2048.198,304.7871,345.1577,2166.872
3,-671.7999,65.31161,2045.753,307.2472,344.8596,2165.931
3,-670.6251,66.33405,2045.26,314.1067,345.4112,2167.222
3,-744.5609,94.13792,2052.585,315.6371,343.2356,2166.363
3,-750.1968,98.16251,2052.548,320.3638,346.4149,2170.015
3,-750.0338,99.77705,2053.253,320.148,345.8528,2163.013
3,-745.2704,101.4279,2052.292,324.305,342.986,2164.409
3,-780.0357,112.6342,2058.015,327.3454,344.2242,2163.787
3,-709.5826,95.29219,2041.512,343.1833,345.5015,2161.265
3,-710.5638,97.19131,2041.09,344.2987,345.8181,2159.138
3,-707.8961,97.57576,2040.211,347.8117,346.1367,2159.718
3,-705.7513,97.8829,2039.391,351.3892,350.2131,2156.449
3,-703.5087,97.72311,2035.722,356.5431,355.3397,2155.674
3,-702.2817,98.01303,2035.314,357.8083,358.1272,2152.164
3,-702.2256,97.09299,2030.734,360.8731,356.6648,2144.692
3,-702.813,97.03442,2031.303,365.4183,365.4456,2145.485
3,-704.2427,97.37537,2028.374,365.6435,369.3437,2139.641
3,-701.262,94.87026,2025.12,369.6491,367.3303,2135.277
3,-700.866,97.64045,2022.595,364.886,363.0447,2119.333
3,-704.0746,96.70201,2020.921,359.4046,360.9778,2114.117
3,-704.1821,96.46937,2012.158,358.7542,362.6753,2107.099
3,-705.5838,99.38578,2002.106,360.4838,367.1206,2105.134
3,-706.2542,100.3093,1988.473,355.6168,368.7126,2102.627
3,-709.0306,100.0435,1979.922,351.8796,370.7184,2098.616
3,-710.045,99.78192,1971.318,347.5341,370.8418,2092.513
3,-714.0972,102.0198,1963.703,345.7497,371.8838,2089.26
3,-721.6003,104.4465,1953.416,336.1869,373.4035,2085.509
3,-726.8532,106.0931,1942.916,326.5506,376.0798,2077.882
3,-725.8447,102.4337,1936.202,326.4285,378.1,2071.943
3,-728.6501,104.1015,1929.136,322.2329,377.8864,2072.816
3,-735.4511,110.2828,1920.734,317.9798,381.1115,2069.345
3,-743.9977,114.1241,1917.062,317.7015,383.0329,2066.798
3,-746.3567,117.0562,1909.845,311.4405,388.8563,2067.299
3,-745.3337,117.8498,1904.399,308.5068,384.4965,2061.957
3,-746.8151,123.0969,1899.546,304.7694,382.2173,2059.307
3,-745.0573,123.5296,1893.722,304.8104,384.4217,2060.097
3,-746.7943,127.8206,1890.44,304.7129,389.0659,2054.5
3,-747.9693,128.5597,1888.25,306.365,393.3361,2055.747
3,-748.347,129.8342,1886.342,305.9774,394.0808,2052.751
3,-745.407,129.9695,1884.507,308.4499,393.1471,2053.717
3,-742.4288,128.4034,1880.946,309.8836,392.2021,2048.834
3,-737.329,125.6437,1880.475,311.4873,395.2014,2050.485
3,-732.7512,124.0798,1879.569,320.9582,393.8916,2051.485
3,-733.235,127.7074,1881.032,324.6656,391.7813,2047.141
3,-734.519,126.3418,1880.332,330.0344,390.6361,2044.757
3,-732.3419,126.8971,1881.404,337.0867,391.1043,2041.202
3,-714.1738,127.3354,1879.957,348.2438,392.4657,2042.803
3,-705.8149,124.5366,1882.695,357.4844,394.5102,2044.223
3,-694.5098,123.7705,1883.766,359.8825,388.8646,2038.729
3,-686.1009,125.9989,1885.723,371.9544,389.8568,2037.139
3,-680.2864,128.0259,1885.646,386.9638,389.5029,2036.809
3,-674.8284,128.588,1885.859,390.1584,385.4956,2029.373
3,-667.8546,130.7117,1889.207,400.6801,388.4515,2027.418
3,-660.7485,132.3081,1889.735,402.7612,390.5711,2025.59
3,-649.3509,133.2767,1890.391,415.6165,394.1885,2024.732
3,-637.2571,132.1051,1890.249,422.3861,390.8599,2021.063
3,-624.9815,131.1923,1889.705,431.3226,387.7069,2018.698
3,-615.5944,131.0395,1887.965,439.6007,387.117,2017.97
3,-614.2099,131.5214,1890.686,447.624,384.7965,2014.916
3,-609.8268,131.2501,1890.107,455.3113,386.738,2018.807
3,-600.1583,129.8581,1889.277,460.3587,385.3375,2013.825
3,-587.0866,128.7558,1888.378,465.9082,382.8868,2012.339
3,-576.1266,126.7114,1886.187,475.2583,384.4763,2013.313
3,-567.2868,128.7332,1884.225,479.2541,382.3783,2008.564
3,-561.4126,130.6163,1883.397,491.0909,379.446,2008.866
3,-483.5701,98.81927,1803.923,660.1276,359.769,1952.205
3,-485.0956,98.63329,1797.592,659.2272,361.3978,1954.604
3,-485.6358,100.0893,1790.6,654.2289,356.5195,1950.953
3,-487.781,103.1716,1789.01,647.9286,352.7709,1952.968
3,-489.2216,102.3011,1786.21,645.6685,347.6091,1952.628
3,-496.9574,104.4946,1784.982,642.6122,345.7038,1954.969
3,-506.1951,106.1193,1784.563,638.0192,349.4124,1960.953
3,-510.2758,106.5209,1783.468,631.0245,348.511,1960.984
3,-515.2346,108.9653,1783.469,622.6569,345.2768,1959.13
3,-523.4688,108.233,1783.274,616.7521,344.6194,1960.457
3,-533.157,109.9331,1781.976,613.0434,346.1963,1963.907
3,-539.3139,111.3773,1783.29,598.9496,356.7634,1963.494
3,-549.0851,114.4328,1782.348,599.4865,359.3368,1972.589
3,-552.2208,112.1177,1782.614,587.2927,361.3435,1967.468
3,-556.6934,112.4914,1783.453,590.3168,356.9168,1971.438
3,-558.9924,111.4523,1783.071,582.1674,358.6971,1974.713
3,-560.3334,110.1595,1783.287,581.825,359.611,1977.865
3,-560.7312,110.4013,1785.77,574.4523,358.6721,1980.396
3,-562.4225,109.3003,1790.02,579.6845,360.5595,1985.492
3,-564.973,107.8471,1794.548,574.9031,352.2567,1988.572
3,-563.764,107.1045,1803.072,577.9286,352.7434,1994.964
3,-567.3077,108.0067,1808.998,578.0545,348.0011,1997.362
3,-568.1586,106.6021,1811.392,574.9189,346.2231,2000.839
3,-562.1794,104.5327,1816.974,580.3794,342.8079,2005.547
3,-559.5289,102.6636,1821.57,578.8246,341.0501,2009.469
3,-558.7409,97.9414,1826.824,578.157,336.7905,2012.661
3,-558.8076,91.74077,1837.102,579.9308,331.502,2016.925
3,-580.4329,96.03333,1846.774,583.1766,327.5395,2014.368
3,-577.0926,95.01025,1846.947,588.3878,331.1294,2020.299
3,-579.5137,95.46146,1854.577,590.444,337.8834,2024.561
3,-576.8638,93.96051,1855.299,595.8841,335.5798,2027.638
3,-538.7043,90.49834,1861.521,596.0546,330.9765,2026.919
3,-525.664,88.36293,1862.762,602.6379,325.3745,2031.202
3,-524.4006,92.49975,1863.924,593.7751,329.6076,2029.675
3,-527.4861,92.86816,1866.149,596.1178,329.9815,2036.833
3,-527.6815,94.71432,1866.78,595.527,333.9944,2039.594
3,-531.5111,95.04642,1870.542,596.0302,333.257,2041.734
3,-533.7906,95.04405,1869.448,587.5396,331.782,2047.39
3,-537.3186,91.26874,1870.09,577.6251,335.0446,2051.096
3,-542.508,91.45622,1867.536,575.0441,334.066,2053.438
3,-553.0031,90.49413,1866.665,567.0389,329.9185,2050.823
3,-564.3364,89.48829,1863.528,564.498,326.3069,2061.352
3,-568.2114,88.30762,1862.061,560.9787,321.4372,2063.692
3,-569.6929,86.68919,1859.409,553.0001,321.7296,2064.517
3,-575.994,86.66281,1858.748,545.9384,324.5601,2066.738
3,-584.5787,87.61587,1856.219,535.6754,318.2707,2059.968
3,-595.1555,88.04164,1854.494,538.1329,318.9294,2067.59
3,-599.9147,88.81745,1855.57,529.9822,313.4473,2066.698
3,-607.4718,88.9994,1855.354,526.0837,322.8009,2071.73
3,-614.765,90.85458,1855.153,520.6696,315.7894,2071.296
3,-620.8834,90.79423,1856.606,516.249,315.9277,2071.198
3,-626.3468,91.2189,1858.606,509.1271,319.0881,2069.227
3,-632.308,89.60729,1860.521,500.9035,321.4223,2068.915
3,-632.5999,91.94646,1862.667,497.4715,322.2149,2072.993
3,-638.3176,92.08046,1862.258,499.7961,320.6891,2076.289
3,-642.5331,95.5356,1862.172,496.4722,324.5515,2077.545
3,-647.127,94.35068,1861.203,489.9154,329.3252,2076.441
3,-649.517,97.52232,1859.498,486.1822,320.5971,2076.831
3,-652.0021,98.7687,1859.182,482.6403,320.0451,2071.927
3,-656.5389,99.60867,1856.832,483.5823,322.8522,2074.272
3,-658.4645,99.89004,1857.498,487.8908,326.0399,2075.186
3,-659.5115,99.62383,1857.913,484.1513,316.2357,2078.455
3,-688.7371,104.08,1853.819,482.0483,312.3814,2078.937
3,-686.0792,103.5851,1857.034,481.6712,311.312,2083.332
3,-615.3192,88.13427,1878.345,488.1414,311.7212,2088.057
3,-620.4503,91.31107,1885.64,483.6337,313.0465,2085.761
3,-626.6443,93.35836,1889.604,486.6505,318.1323,2082.317
3,-630.1461,94.49372,1894.802,488.8495,321.0035,2092.783
3,-631.1864,94.24792,1896.221,483.3519,314.38,2089.141
3,-633.5425,92.70411,1898.953,474.4097,310.2029,2086.959
3,-635.9631,93.76012,1902.798,473.8912,312.1494,2091.817
3,-632.6215,93.4862,1904.255,477.3163,319.9007,2096.656
3,-636.5027,92.48138,1906.882,467.4265,318.5954,2100.527
3,-643.5045,92.67153,1907.601,458.7975,317.0191,2104.474
3,-648.928,89.73838,1911.396,450.435,316.7859,2110.948
3,-659.3936,87.4625,1912.453,441.8604,315.8689,2116.312
3,-669.5291,88.04167,1910.605,436.9246,313.2372,2122.736
3,-679.077,88.7871,1914.354,428.2998,318.5788,2131.241
3,-684.6663,84.62508,1913.57,418.9571,322.4062,2136.799
3,-690.9032,82.09753,1913.154,408.1646,317.4346,2138.524
3,-701.257,82.54563,1917.487,395.438,315.3554,2137.379
3,-708.4166,83.4777,1917.706,391.3295,311.4737,2144.898
3,-721.0742,85.76172,1917.458,379.4064,311.1496,2144.6
3,-729.2059,85.49631,1917.942,371.2417,314.2296,2148.093
3,-737.1253,85.74838,1921.137,366.1432,313.3404,2151.758
3,-743.2863,86.18307,1919.343,354.4773,312.3372,2148.932
3,-749.5628,84.41192,1919.429,345.9063,311.3138,2152.036
3,-755.411,84.72851,1918.302,337.4987,315.5587,2153.011
3,-760.7713,83.62094,1917.639,334.0156,315.5116,2155.104
3,-770.1639,86.03257,1919.413,325.9406,310.7585,2155.63
3,-774.762,87.46803,1917.622,319.3552,311.8798,2158.468
3,-775.7011,89.80666,1918.547,319.9851,312.4624,2159.266
3,-773.7553,89.83772,1921.049,313.7786,310.2025,2162.926
3,-775.5662,90.25043,1926.068,309.6443,312.8419,2163.914
3,-777.8783,91.0615,1930.89,302.3196,313.8813,2171.045
3,-779.9622,91.07821,1933.621,297.7594,315.1815,2169.553
3,-781.2494,91.15905,1937.047,295.5735,317.2638,2173.493
3,-783.4819,90.04066,1940.832,288.8264,311.5387,2170.604
3,-785.4094,87.49796,1946.164,282.7924,313.3125,2171.138
3,-783.2889,85.14472,1949.559,277.2162,310.475,2166.602
3,-783.2855,85.70544,1957.447,272.3369,311.8643,2166.272
3,-784.5685,84.1871,1964.817,273.7023,313.1147,2167.465
3,-783.695,82.84467,1969.06,268.961,318.6552,2166.714
3,-813.0752,88.90254,1979.567,266.9123,322.5101,2168.153
3,-699.3522,52.75176,2033.432,243.1472,322.7687,2173.251
3,-789.7866,73.5841,2019.999,241.3194,324.2857,2179.964
3,-816.5338,80.9172,2019.111,241.7742,324.9321,2179.968
3,-827.7564,79.26611,2018.985,230.7959,320.5219,2180.314
3,-837.1171,75.20499,2014.787,226.037,317.06,2182.003
3,-844.462,71.00959,2012.817,218.033,319.8255,2184.051
3,-895.2659,77.28516,2010.052,211.9024,320.1125,2184.234
3,-836.5547,58.08635,2006.555,200.1302,316.1866,2189.085
3,-877.0098,68.64014,2010.924,198.9814,316.1888,2184.58
3,-928.4584,76.75518,2010.174,188.9146,311.7195,2190.172
3,-944.0266,76.33832,2021.639,181.1784,310.9547,2189.035
3,-948.5995,74.73802,2016.654,170.8481,309.0555,2185.777
3,-964.7657,81.88262,2020.598,166.7971,310.1159,2188.248
3,-965.4916,76.29709,2007.4,158.0313,312.2805,2188.661
3,-971.128,80.9379,2005.981,150.3927,313.4583,2189.654
3,-988.5463,76.90926,2010.688,141.5409,308.7012,2185.207
3,-986.382,79.24312,2000.74,136.1611,306.9529,2185.525
3,-995.499,82.91348,1999.753,130.0789,309.131,2183.414
3,-993.6144,82.94214,1996.659,128.7601,309.6769,2186.261
3,-975.9109,79.08086,1991.55,127.4055,307.1046,2185.179
3,-968.2276,81.44024,1990.235,128.1133,304.1465,2185.759
3,-967.2422,83.27565,1989.1,123.5581,302.516,2181.149
3,-967.6634,83.43325,1990.227,123.821,303.1328,2179.35
3,-966.1804,84.69419,1986.108,124.0009,303.3093,2178.312
3,-967.2963,82.50975,1987.838,118.1809,302.8383,2174.833
3,-966.8289,83.71041,1987.15,116.672,303.0226,2175.766
3,-966.7925,83.89066,1987.025,119.3781,305.3483,2174.294
3,-960.9196,83.08665,1983.864,115.7722,311.1227,2173.275
3,-959.8901,84.35244,1984.507,119.7273,315.402,2171.138
3,-959.0011,82.81101,1980.86,121.4649,315.1994,2165.83
3,-963.8505,83.57272,1982.133,117.7569,317.1256,2165.659
3,-963.0238,79.21558,1981.438,118.5926,320.3236,2165.653
3,-961.7932,77.54279,1979.092,119.4698,327.3362,2164.296
3,-961.9719,77.0353,1977.413,114.7406,327.4746,2163.975
3,-961.8558,77.22909,1976.385,115.3324,326.0798,2159.675
3,-962.3598,75.04067,1976.522,109.674,324.1245,2153.774
3,-963.0873,74.07603,1971.545,108.8808,325.3374,2154.249
3,-968.1896,72.87967,1972.475,104.7134,326.5131,2148.254
3,-971.1918,72.50327,1968.108,94.06742,331.1558,2145.331
3,-945.9891,107.1867,1867.222,134.8854,370.2018,2025.951
3,-970.8641,116.015,1871.607,137.9925,371.4327,2022.793
3,-793.2563,98.71246,1792.634,156.3473,381.821,1964.801
3,-803.0104,105.3926,1789.938,164.9848,385.2162,1966.081
3,-891.7377,131.8907,1791.013,171.0361,382.995,1964.84
3,-892.0782,132.5586,1790.465,179.3935,381.8205,1961.434
3,-892.1859,135.1535,1792.072,183.5968,385.2701,1960.415
3,-887.984,135.7332,1790.732,189.603,387.7706,1961.766
3,-883.3636,136.7818,1795.695,197.701,384.3375,1959.679
3,-874.5321,135.7437,1796.066,205.0169,385.4836,1959.948
3,-866.9239,136.2822,1792.935,209.6902,382.903,1959.16
3,-863.2258,135.2229,1796.544,217.0315,376.3735,1959.198
3,-859.7786,129.9947,1798.204,223.4824,374.6504,1956.205
3,-852.7262,126.4099,1801.083,232.079,379.6833,1952.302
3,-844.6172,122.0864,1801.562,234.8391,382.1989,1955.143
3,-839.4498,121.8363,1800.26,243.2197,383.597,1954.022
3,-836.0742,121.1547,1798.187,247.0372,384.9943,1951.803
3,-831.2637,120.9103,1796.734,252.4885,384.4911,1953.788
3,-825.8982,117.3215,1800.154,252.0304,385.0416,1948.471
3,-819.3425,115.7986,1800.056,254.4863,382.6519,1946.332
3,-821.1736,113.7417,1803.339,259.0394,383.5114,1943.99
3,-820.7966,111.2567,1803.224,259.1452,385.6104,1941.172
3,-819.0375,111.6766,1802.584,261.1545,386.1942,1940.754
3,-819.2226,107.7653,1805.899,258.6359,386.8831,1939.954
3,-818.2728,107.6553,1804.921,252.1902,384.889,1940.588
3,-817.4303,108.4285,1802.497,256.0033,384.135,1941.501
3,-817.991,108.8517,1801.765,253.8165,388.2387,1945.039
3,-856.6738,114.6556,1798.61,251.2281,384.517,1943.483
3,-702.5621,88.15944,1784.956,276.4715,377.3183,1946.813
3,-714.4236,100.4139,1780.145,277.1913,378.5376,1947.134
3,-740.8399,104.9932,1774.958,277.6506,380.7705,1947.256
3,-795.7849,119.7939,1779.43,278.0369,378.7885,1946.031
3,-799.4089,117.3782,1782.246,277.4796,374.4616,1946.839
3,-796.506,115.2204,1785.349,278.3839,372.3329,1946.965
3,-795.5984,110.4098,1791.207,276.4877,372.0451,1945.596
3,-792.4113,106.7509,1794.678,280.6513,374.9409,1950.758
3,-792.3771,104.2465,1802.632,284.4794,375.1246,1954.878
3,-789.6179,100.5277,1806.989,288.6404,372.6169,1959.205
3,-788.9929,98.11608,1811.586,290.7361,367.4518,1961.024
3,-785.873,96.92809,1814.664,292.7691,363.0328,1962.442
3,-784.7872,98.34344,1817.574,294.8151,361.2349,1966.444
3,-786.0625,98.29884,1819.951,295.2933,363.0063,1973.304
3,-787.0043,99.29552,1823.259,289.8498,362.3538,1976.451
3,-787.7136,100.3206,1825.463,294.3444,356.7008,1984.089
3,-788.7422,100.8257,1826.5,285.9132,352.934,1984.692
3,-790.6901,100.8822,1829.871,283.351,354.5431,1993.115
3,-793.5555,98.62115,1832.011,283.5061,352.082,1999.144
3,-799.8027,96.54612,1837.095,282.6724,351.8936,2000.686
3,-803.6112,96.66933,1835.59,278.9717,349.214,2004.073
3,-810.4691,96.78302,1838.324,278.6803,351.3623,2010.273
3,-811.6084,93.03053,1837.559,278.7726,356.1482,2016.8
3,-815.094,88.18395,1836.277,276.4394,351.4423,2014.164
3,-814.8974,88.32124,1834.894,278.2525,350.7418,2016.15
3,-815.3888,86.76197,1837.467,282.3035,350.7665,2020.021
3,-815.7089,86.91448,1837.954,281.4511,345.8426,2019.894
3,-814.5884,89.25739,1844.912,280.9567,346.8749,2025.445
3,-811.4064,88.95941,1848.648,283.3626,347.6791,2029.064
3,-806.6931,89.81799,1852.022,283.1092,346.7926,2031.031
3,-804.1992,91.99788,1855.586,283.6135,341.5995,2030.636
3,-797.0659,89.58001,1857.797,281.4397,342.8124,2032.891
3,-792.1686,90.86715,1861.395,287.4356,344.6977,2035.027
3,-791.6562,88.3282,1863.695,292.0912,344.954,2039.67
3,-787.6079,87.77538,1865.499,294.9997,346.4277,2039.624
3,-558.1917,133.9249,1885.808,494.8892,378.5912,2005.436
3,-557.7661,134.7393,1882.858,500.1939,378.4006,2003.839
3,-553.4171,136.6045,1883.174,503.0808,383.4202,2006.438
3,-544.3189,139.2915,1879.045,508.972,388.4129,2006.993
3,-538.0915,137.6536,1875.009,513.2888,392.1144,2010.23
3,-579.0965,151.8303,1881.567,513.2847,387.8198,2006.719
3,-417.6942,93.40401,1850.644,510.9982,388.1642,2002.341
3,-419.2698,95.30932,1846.038,503.0385,387.8866,2000.731
3,-419.5459,94.77576,1844.207,501.268,383.1965,2000.425
3,-433.7993,103.0031,1836.752,503.1623,380.3546,1999.244
3,-425.929,97.26176,1836.171,497.5737,383.3462,1998.502
3,-425.1988,98.09691,1837.873,496.3393,382.7518,2001.925
3,-438.254,105.3725,1826.17,494.5935,379.6534,1997.102
3,-439.1645,108.6774,1822.478,498.0819,378.8288,1999.896
3,-433.1232,110.7683,1823.68,501.1366,375.6247,1999.865
3,-428.3203,112.2052,1823.255,503.8056,377.6684,2001.28
3,-425.0324,116.9503,1823.938,512.154,375.781,1999.801
3,-426.6934,119.66,1821.081,514.7639,372.1264,1999.053
3,-447.9529,136.3737,1819.052,524.3936,367.1609,2002.681
3,-515.17,167.1296,1829.751,533.8068,370.3302,2004.662
3,-514.0551,167.9527,1831.03,540.1728,378.2377,2008.562
3,-509.5845,168.2561,1829.873,551.0636,375.7739,2005.899
3,-505.9556,166.5889,1829.57,552.4005,370.1238,1998.993
3,-500.8122,163.6958,1831.292,564.8846,369.8935,1997.828
3,-491.5569,163.6043,1830.797,571.7199,377.453,1997.809
3,-482.0741,160.7777,1827.032,582.037,378.3816,1998.026
3,-477.0424,159.191,1827.035,587.7003,373.0611,1994.313
3,-470.0834,157.938,1828.868,591.031,369.5177,1991.027
3,-463.6012,156.051,1832.808,599.6927,368.6194,1990.432
3,-452.9502,152.6914,1828.352,607.3154,375.5803,1993.541
3,-440.0057,147.8344,1831.523,613.6984,378.4271,1994.169
3,-431.3438,151.7821,1833.46,620.3,377.6129,1993.887
3,-428.2233,153.0994,1836.035,625.1479,377.0923,1995.05
3,-424.646,152.6871,1838.269,629.3778,376.0985,1996.636
3,-417.7572,147.4046,1838.451,636.1834,376.2313,1995.452
3,-413.9406,149.2395,1840.26,634.1482,368.9906,1991.657
3,-405.4727,146.351,1840.704,637.0347,375.5337,1993.484
3,-402.5132,147.1174,1839.245,644.5406,377.0117,1993.405
3,-397.3054,147.3897,1837.453,647.4548,371.3941,1988.849
3,-393.8199,147.582,1840.464,642.7125,368.584,1985.213
3,-392.1046,149.5148,1842.017,644.7249,371.851,1982.753
3,-391.7957,149.9646,1842.068,648.1246,379.5482,1986.795
3,-393.443,149.7407,1842.062,647.7885,381.5952,1986.144
3,-396.5368,151.5351,1842.64,642.5781,378.1222,1980.406
3,-398.1806,151.0934,1841.007,637.5415,377.3072,1978.119
3,-404.135,150.3095,1841.984,636.0471,378.0807,1979.985
3,-408.9329,148.7063,1840.407,630.7571,375.1312,1978.821
3,-410.9668,145.5809,1838.029,618.2126,372.7206,1977.402
3,-601.2878,157.5015,1815.218,455.915,388.5503,1996.672
3,-604.0745,156.0616,1820.244,454.0799,386.6194,1999.351
3,-602.6049,156.3913,1825.208,453.556,383.351,1998.921
3,-599.269,150.9109,1831.351,455.1331,381.5768,1998.106
3,-599.2654,146.7468,1839.469,457.2101,383.4743,2001.06
3,-601.5886,145.5252,1846.223,461.6806,383.4001,2001.204
3,-601.2143,144.7773,1851.47,454.9704,380.9044,1999.618
3,-603.8622,143.6458,1856.13,455.0516,375.2325,1998.113
3,-603.8557,146.8768,1865.685,457.5551,371.4459,1995.854
3,-604.7076,149.3609,1872.746,454.9954,372.0917,1995.812
3,-606.9663,151.7931,1876.474,451.9756,375.3038,1995.828
3,-609.2685,152.0262,1882.463,457.5396,378.9206,2000.634
3,-614.6962,152.9038,1886.362,451.8521,375.0939,1995.48
3,-615.0894,151.0678,1889.542,448.4894,373.1011,1996.162
3,-618.959,150.1745,1892.264,442.8032,373.4463,1996.569
3,-622.6133,145.385,1894.259,440.5846,371.5565,1996.174
3,-630.1937,141.0092,1893.351,428.2028,375.8903,2001.46
3,-639.9027,136.8684,1895.984,428.2237,377.09,2003.907
3,-647.3329,135.8013,1892.791,415.0699,374.7181,2001.54
3,-656.7825,131.1702,1892.431,414.2625,371.451,2009.372
3,-669.5447,127.7734,1890.134,402.1104,371.8963,2007.358
3,-676.1984,126.147,1886.663,389.9854,369.9396,2007.144
3,-681.2355,122.0823,1880.433,381.912,369.6508,2012.03
3,-688.9559,116.8969,1876.622,375.1252,368.8705,2010.803
3,-701.2261,117.5296,1873.481,367.0615,368.735,2013.177
3,-715.6793,116.5375,1871.017,355.8185,369.6801,2013.297
3,-721.7789,115.1056,1866.441,352.6182,374.6711,2019.693
3,-730.9774,117.1494,1866.728,340.433,376.8768,2015.304
3,-786.1519,134.8019,1866.883,333.0593,376.8601,2015.151
3,-774.7244,128.6313,1865.624,324.2291,377.3535,2018.782
3,-778.4813,125.5718,1858.244,314.1344,375.2128,2013.901
3,-780.9796,125.8122,1854.251,309.3614,372.6804,2016.693
3,-844.2261,143.9794,1848.202,193.7959,390.5625,1963.634
3,-853.2554,142.9809,1848.333,186.4198,392.2827,1961.922
3,-866.4871,141.9427,1851.22,180.9647,392.4975,1960.5
3,-870.75,136.4499,1846.008,176.2194,393.8753,1962.387
3,-878.9875,135.7515,1844.802,167.5376,397.0527,1962.045
3,-885.7404,134.9998,1843.321,158.8974,394.4692,1961.976
3,-900.6292,132.3946,1841.818,152.0307,391.5122,1960.349
3,-911.6093,134.1754,1840.763,149.1864,400.6492,1963.179
3,-934.8209,83.50854,1914.377,105.3339,369.9752,2057.328
3,-922.1264,80.94923,1909.305,110.8028,361.9433,2052.004
3,-914.7766,81.44795,1912.709,120.6757,367.13,2056.51
3,-904.5146,84.33354,1914.573,127.6122,370.5261,2058.366
3,-896.6069,85.73222,1915.137,140.4872,361.8885,2058.277
3,-888.8375,84.05357,1918.375,148.4263,365.7022,2060.623
3,-882.3824,82.80731,1921.63,158.3838,366.8825,2063.444
3,-877.5474,86.97728,1922.763,162.764,360.035,2060.196
3,-867.4749,88.93827,1928.582,174.9182,359.124,2063.039
3,-861.835,88.30755,1928.247,179.3549,361.5818,2064.087
3,-853.7816,82.93439,1930.223,186.7649,357.8819,2066.885
3,-846.0747,80.37371,1934.182,194.2434,359.24,2064.444
3,-837.4333,81.37619,1934.968,206.2574,355.5299,2067.53
3,-831.3664,80.34332,1941.076,207.5958,353.3743,2064.436
3,-821.5593,80.75731,1944.605,216.0003,354.3695,2067.441
3,-854.615,93.35667,1964.238,222.524,356.5802,2064.993
3,-843.6363,89.27615,1962.952,229.4013,357.8814,2067.887
3,-840.1739,92.33408,1963.413,232.6073,357.5132,2069.745
3,-841.938,93.97622,1967.414,237.1462,358.9852,2066.44
3,-827.7527,93.01448,1966.999,237.2691,360.3635,2065.113
3,-801.1672,80.21715,1970.694,240.4077,360.3515,2066.45
3,-786.3928,81.83162,1970.262,237.5393,356.8542,2067.92
3,-784.2164,79.96896,1972.603,235.9989,350.2162,2068.442
3,-779.2416,78.22348,1973.624,236.5335,350.1904,2072.634
3,-778.6735,76.03824,1975.152,243.9901,352.8621,2080.545
3,-781.1707,76.78354,1977.916,238.8164,354.2574,2081.657
3,-784.0382,76.26993,1978.866,239.1443,352.5118,2089.628
3,-787.45,72.41025,1977.959,233.8027,348.6737,2091.341
3,-797.5643,73.02454,1977.613,230.7076,347.0056,2095.137
3,-802.6822,77.25754,1977.488,228.8978,347.3679,2097.903
3,-808.4071,80.37187,1974.824,226.1054,345.6248,2101.405
3,-859.4727,90.3923,1981,222.4047,346.9305,2106.122
3,-857.8228,84.52437,1974.451,223.4279,343.4192,2111.675
3,-723.4346,37.32693,1990.76,214.7645,345.475,2117.999
3,-743.8438,43.7677,1981.969,212.3769,346.575,2125.212
3,-817.0139,68.62406,1978.169,212.4066,346.6246,2130.352
3,-830.6841,73.0451,1978.75,208.8669,349.246,2132.375
3,-835.8635,73.91638,1980.309,206.835,343.5714,2136.396
3,-837.7925,71.09592,1981.386,206.2938,343.8567,2139.395
3,-837.3741,75.70609,1983.24,203.3216,349.9477,2145.532
3,-839.9435,74.47707,1986.286,205.4405,343.8332,2150.993
3,-839.6826,73.02524,1991.844,204.8353,338.6891,2153.62
3,-839.2998,70.45787,1992.146,204.6713,335.9114,2155.11
3,-836.0264,67.78834,2002.079,203.9151,331.4932,2161.013
3,-837.0704,70.06336,2005.719,205.0186,327.5995,2164.468
3,-840.3863,70.38956,2007.601,210.4954,328.1196,2170.631
3,-835.9933,66.5168,2012.211,215.7379,327.9346,2173.63
3,-832.969,66.41475,2016.125,220.7797,329.1761,2178.532
3,-832.4297,66.93633,2020.314,224.2926,326.3098,2178.66
3,-828.9421,67.05303,2023.474,223.7135,328.67,2182.812
3,-825.3824,65.46468,2029.58,233.9842,327.234,2191.571
3,-811.4796,61.54452,2027.43,232.337,320.7,2189.841
3,-804.2131,61.16175,2029.061,243.7539,316.8835,2195.916
3,-796.0619,60.23818,2031.083,248.2105,319.6835,2199.809
3,-788.3926,56.87027,2031.859,254.8838,322.079,2202.745
3,-781.4972,58.42119,2034.07,259.2914,318.9181,2200.175
3,-774.491,55.10383,2036.972,270.5397,320.9049,2207.506
3,-769.1205,58.13992,2039.057,278.8318,320.775,2204.933
3,-760.3508,59.31669,2045.176,279.9216,319.0246,2206.837
3,-754.2508,57.50087,2056.518,291.5654,317.5876,2207.685
3,-749.0936,58.88862,2062.209,299.7133,318.8592,2207.236
3,-738.1695,59.31872,2063.164,308.95,320.3921,2209.144
3,-734.5098,57.4274,2067.971,313.3564,321.5753,2208.066
3,-719.608,56.98485,2073.565,323.1644,319.0753,2206.613
3,-710.8543,59.86535,2075.476,325.4036,314.5284,2207.455
3,-706.9247,58.0971,2075.927,328.7404,315.8574,2205.656
3,-703.6163,59.67125,2076.299,330.8485,314.3288,2204.444
3,-701.4066,60.26559,2075.941,336.6186,317.5547,2202.25
3,-700.501,62.12499,2074.882,342.9938,320.291,2204.847
3,-700.2505,62.07378,2073.932,346.7444,314.9867,2204.692
3,-699.8803,62.6174,2074.153,347.4849,308.3037,2204.642
3,-698.5216,62.63305,2070.307,348.836,310.1721,2206.36
3,-699.5015,62.83652,2073.23,351.9504,315.6523,2213.531
3,-699.1345,62.89814,2071.925,348.1793,312.0844,2212.624
3,-699.7406,61.78925,2070.76,348.6596,310.6872,2212.805
3,-701.0185,59.5073,2070.006,346.3341,310.6547,2215.613
3,-699.4328,58.38707,2064.814,351.1487,312.4099,2219.34
3,-699.3643,58.07592,2064.055,346.6782,313.8997,2216.394
3,-699.6146,56.91909,2060.7,347.8452,315.7595,2218.069
3,-701.1167,52.79978,2056.708,353.0545,317.1483,2221.293
3,-704.4294,50.54488,2058.161,348.251,313.2784,2217.393
3,-700.5146,48.10548,2052.375,353.2434,315.3534,2220.264
3,-699.5348,50.52008,2051.585,350.8251,315.3551,2216.388
3,-693.5024,53.65692,2052.69,353.997,315.1546,2217.929
3,-688.9628,53.87835,2052.101,359.626,318.4187,2219.053
3,-685.5674,50.62057,2053.618,361.4414,313.8354,2218.968
3,-675.5126,52.51295,2061.396,366.2137,311.2263,2218.034
3,-668.5601,52.81271,2067.472,372.4739,310.579,2217.906
3,-664.0707,54.9548,2072.424,382.5743,304.8679,2217.972
3,-631.5259,49.31015,2070.736,393.4755,306.3548,2220.478
3,-612.4777,47.9331,2074.941,398.6768,304.9482,2219.664
3,-601.2277,49.11917,2079.844,406.4755,304.4114,2216.81
3,-598.849,49.07527,2084.929,416.9269,308.3682,2219.373
3,-598.5704,45.76387,2089.006,434.4218,309.6571,2218.67
3,-581.915,42.50473,2085.959,433.0719,305.6826,2219.917
3,-566.7291,42.83488,2084.208,444.0801,302.7193,2213.824
3,-560.5256,45.03888,2088.399,447.3122,303.7491,2213.632
3,-555.5363,44.7131,2094.05,451.0071,302.8362,2207.837
3,-542.4508,45.22392,2097.848,460.9775,301.9114,2213.636
3,-531.9351,45.50424,2100.84,469.6955,301.9473,2215.179
3,-523.1625,45.3232,2102.812,480.3362,304.9415,2212.526
3,-516.3696,43.78526,2105.714,484.7193,305.0166,2210.573
3,-511.7423,42.44961,2112.738,491.4886,308.5194,2209.332
3,-503.3396,42.05288,2115.044,502.459,311.966,2208.566
3,-491.4547,41.26095,2117.648,510.4397,315.2766,2205.88
3,-488.5712,42.02283,2120.378,515.636,319.6331,2214.196
3,-487.5551,39.12058,2122.342,520.2427,310.5807,2209.315
3,-484.8551,38.35311,2125.44,527.6129,317.7538,2216.085
3,-485.0344,37.91898,2125.594,530.4895,315.4376,2213.202
3,-485.8414,37.8059,2126.69,531.2841,314.4838,2213.249
3,-486.1927,38.03625,2128.644,536.504,314.0835,2217.558
3,-491.3432,36.99018,2129.216,536.2798,312.6712,2218.059
3,-495.628,36.4958,2129.692,535.0156,307.9565,2218.714
3,-492.2625,33.83948,2132.968,541.8942,307.8232,2219.083
3,-485.481,32.82531,2125.062,538.8635,316.3293,2219.565
3,-487.3093,32.59383,2127.866,533.1104,310.6521,2218.734
3,-488.8426,34.28874,2127.635,541.6314,317.6814,2221.634
3,-488.0661,32.40431,2128.46,538.691,316.4768,2222.817
3,-485.6353,35.18137,2126.367,544.4446,316.6247,2225.022
3,-481.6022,35.51173,2127.155,540.8135,316.7303,2223.776
3,-477.5187,35.58755,2133.437,546.9262,309.9763,2227.121
3,-477.4687,37.632,2131.394,550.7411,318.1023,2230.386
3,-478.2444,37.64514,2133.12,554.5818,309.8176,2233.799
3,-472.8782,38.79958,2137.345,563.1639,304.8702,2233.457
3,-468.7477,39.15968,2150.311,563.6843,305.0323,2240.232
3,-467.8463,40.17472,2152.59,574.8762,297.5678,2239.609
3,-460.4804,36.73201,2155.682,581.2646,294.1179,2249.082
3,-448.8994,36.36813,2165.354,592.9745,294.3451,2252.495
3,-439.9531,37.19857,2167.704,594.9665,294.3176,2254.639
3,-415.9608,31.84533,2166.687,601.9178,291.1013,2258.437
3,-412.5596,33.01329,2170.886,610.0572,289.6429,2256.239
3,-405.5684,31.30815,2172.5,616.2565,288.9924,2262.456
3,-394.9823,26.80878,2172.741,627.5268,283.0202,2267.117
3,-385.2475,24.18557,2176.62,640.1527,278.3948,2261.912
3,-379.5204,23.89154,2175.135,647.6134,280.1811,2265.79
3,-355.4711,20.04911,2169.775,657.5827,281.8087,2269.768
3,-351.1222,19.18591,2169.806,669.9577,278.046,2266.311
3,-343.8386,17.1316,2168.783,682.3604,275.6022,2268.103
3,-329.3542,20.18065,2171.455,688.9883,275.8892,2266.098
3,-313.153,12.36486,2169.867,695.0629,274.977,2264.851
3,-301.3534,15.33058,2169.984,706.192,270.8183,2264.193
3,-287.1968,14.3655,2169.691,715.333,273.8859,2264.525
3,-279.2431,15.07975,2171.802,724.5986,274.9648,2272.46
3,-276.3482,16.35024,2172.503,731.7686,271.2754,2263.532
3,-273.2206,17.39609,2176.619,731.0826,268.9626,2267.201
3,-271.2756,15.54981,2177.629,732.1254,266.754,2267.138
3,-271.6768,17.9368,2180.856,738.6794,264.8713,2266.478
3,-274.1641,20.03984,2183.801,739.3965,264.4083,2268.774
3,-275.8955,19.21669,2182.294,741.2267,264.4493,2269.864
3,-272.4709,20.1176,2181.773,746.5307,264.4223,2270.258
3,-272.4496,20.54809,2179.223,742.4485,259.799,2259.288
3,-272.4314,20.794,2178.63,744.4597,261.9307,2267.843
3,-274.8891,22.26231,2179.927,742.9883,262.0618,2262.119
3,-277.255,23.94662,2177.274,740.3365,261.8327,2262.91
3,-277.2437,23.20019,2176.667,739.6013,265.4633,2261.131
3,-278.8461,24.14987,2177.082,727.5005,261.4213,2256.793
3,-283.7811,21.82858,2172.88,727.7824,261.5328,2257.391
3,-288.1424,21.94263,2171.28,722.6541,262.7112,2257.937
3,-300.5686,21.57395,2170.258,714.864,262.9577,2259.522
3,-307.6064,22.26655,2171.23,709.777,265.4648,2255.428
3,-316.8513,23.99956,2170.509,703.376,270.8327,2263.172
3,-325.7218,24.05631,2168.82,694.3152,269.6538,2256.794
3,-333.4682,17.40796,2170.243,690.9444,265.0947,2256.251
3,-347.7693,22.18089,2166.274,683.5525,264.3479,2261.508
3,-360.4004,24.29516,2166.401,672.4687,264.088,2253.544
3,-368.9121,24.92453,2163.623,667.2433,267.7683,2262.032
3,-376.635,24.34422,2157.982,652.0386,265.4531,2259.285
3,-388.7999,25.61463,2154.299,637.9055,270.5639,2256.876
3,-399.2892,29.64717,2153.391,636.0106,275.5701,2260.836
3,-404.8159,28.45679,2145.697,629.5042,272.0695,2257.184
3,-412.81,30.02318,2139.677,623.0483,274.4234,2257.806
3,-418.5353,31.45781,2138.045,621.2086,276.3784,2260.897
3,-426.4751,30.55652,2133.625,610.9786,276.4341,2257.993
3,-434.0271,35.83163,2133.452,608.4315,268.9739,2255.49
3,-436.5282,38.81759,2128.94,603.8433,269.3871,2251.041
3,-441.1199,38.04295,2129.095,604.0244,273.0359,2252.17
3,-444.8984,39.88023,2126.969,605.1821,270.2928,2252.793
3,-446.0435,40.32695,2128.203,601.6833,265.9076,2250.66
3,-449.8481,40.70117,2130.733,598.9823,263.7285,2248.229
3,-451.713,44.82401,2126.266,600.0196,266.7188,2245.523
3,-452.8063,44.80178,2126.639,602.2933,270.3028,2247.032
3,-452.9395,47.79478,2128,602.463,270.4826,2248.46
3,-451.4935,49.6955,2128.072,602.2086,272.8015,2245.787
3,-447.5383,50.64754,2128.28,594.1434,261.8781,2240.659
3,-445.4154,51.9043,2129.488,587.1895,264.1187,2235.241
3,-450.2197,56.35319,2129.658,587.3148,271.4993,2245.64
3,-447.7458,54.5433,2128.81,573.907,271.0398,2235.61
3,-448.2263,54.08043,2126.353,576.2533,273.1545,2236.252
3,-449.8419,49.40152,2129.61,570.4778,271.9339,2235.452
3,-468.712,54.58474,2134.066,566.2139,271.5117,2233.454
3,-480.3128,58.26242,2138.001,558.4224,275.5836,2231.097
3,-477.0907,53.94952,2135.782,551.2267,279.6899,2229.429
3,-482.3748,50.97299,2135.57,546.2979,283.9819,2239.004
3,-495.5736,44.6367,2132.801,534.7929,302.2978,2235.765
3,-505.123,45.58369,2127.125,527.3996,282.4966,2241.552
3,-520.0367,41.89698,2126.333,510.5169,271.6,2234.837
3,-535.9064,33.90229,2124.532,501.3373,274.3158,2235.575
3,-548.6148,32.52249,2119.492,498.4744,272.835,2235.553
3,-609.4362,41.668,2118.106,490.2764,272.543,2226.692
3,-473.894,-20.07513,2121.149,458.0168,270.3983,2233.211
3,-570.2576,14.86819,2092.735,415.3669,274.9486,2231.018
3,-657.3221,47.18771,2092.489,407.2166,273.877,2225.061
3,-679.1544,54.15406,2091.156,401.3137,273.9295,2223.407
3,-679.2911,54.31691,2089.328,392.5941,275.5124,2219.308
3,-682.4976,56.12547,2085.276,388.9464,282.4973,2219.705
3,-686.1054,55.53136,2084.522,378.1671,287.351,2217.109
3,-685.4341,54.39563,2082.831,373.821,288.9208,2216.926
3,-687.0751,53.295,2082.102,368.3,287.8844,2216.556
3,-690.5397,52.73629,2083.96,365.1008,288.2447,2216.821
3,-690.7454,51.36604,2086.254,360.7213,289.1831,2214.165
3,-688.4623,48.58914,2085.761,359.2702,290.368,2215.502
3,-689.6825,48.80471,2087.6,357.1502,289.679,2212.183
3,-690.4039,50.43941,2090.254,355.1292,289.2142,2211.822
3,-692.0453,53.25645,2099.045,352.872,288.0478,2210.76
3,-688.4261,52.88519,2098.773,351.4075,287.1361,2208.781
3,-692.5765,54.7928,2101.13,346.8353,287.4473,2210.12
3,-693.4521,54.68635,2104.007,345.4118,287.318,2207.204
3,-696.8206,53.36512,2103.69,338.1466,289.1813,2204.767
3,-596.5822,13.28216,2112.577,332.5265,287.3503,2203.402
3,-593.3646,6.844098,2116.142,327.1313,290.0649,2202.709
3,-592.461,1.933213,2117.93,319.9659,286.9808,2202.186
3,-598.4886,2.723153,2117.011,310.4891,289.213,2204.776
3,-609.5908,3.489912,2114.468,302.464,292.717,2205.819
3,-641.1526,15.82343,2102.744,292.9186,291.2174,2206.64
3,-728.8525,42.74009,2095.474,283.0422,288.7675,2208.225
3,-747.2571,42.46029,2088.8,273.9663,285.6258,2206.065
3,-761.6152,43.76706,2083.686,262.9716,287.0356,2203.116
3,-768.6964,39.66095,2075.015,255.0197,285.5591,2206.577
3,-781.8444,34.54463,2072.87,245.3358,288.1039,2207.55
3,-792.9175,36.2793,2070.346,238.5626,288.83,2211.016
3,-804.6897,38.87502,2067.133,228.0845,286.1777,2206.039
3,-815.0583,39.32473,2064.461,216.7758,286.8603,2209.726
3,-826.8137,40.28908,2065.157,205.4044,286.5079,2209.165
3,-838.0911,41.72507,2062.027,200.1899,289.9292,2206.823
3,-850.8314,41.46179,2060.233,190.7224,291.4199,2208.218
3,-863.3672,43.45877,2056.468,182.8378,288.0811,2208.222
3,-875.0444,49.39587,2052.883,170.9477,288.0612,2204.508
3,-875.556,47.30949,2042.703,162.797,287.9099,2205.017
3,-882.9611,49.25776,2034.218,156.479,289.5036,2207.588
3,-894.4924,53.23106,2035.027,148.9073,291.5063,2206.495
3,-900.4406,56.77307,2033.009,142.9145,293.5919,2208.165
3,-906.032,57.09227,2030.476,137.6408,295.9416,2206.546
3,-907.559,58.44223,2027.31,128.3673,297.0504,2206.619
3,-829.6342,27.77425,2037.875,126.7391,296.6843,2207.849
3,-830.2186,27.27048,2036.535,121.3932,301.1067,2209.564
3,-831.3589,30.30109,2036.352,117.7849,302.665,2209.822
3,-828.8597,27.22001,2033.957,115.4767,302.6167,2212.994
3,-830.2441,30.20356,2032.711,116.184,302.6483,2213.409
3,-829.2744,32.27369,2034.25,110.2657,301.7198,2211.349
3,-903.3835,60.91552,2022.842,114.8114,307.1666,2217.462
3,-907.9655,61.60741,2023.13,111.1066,305.8331,2212.854
3,-908.3108,63.28527,2022.486,109.4748,302.2142,2213.665
3,-905.8404,66.36246,2021.465,103.773,303.1821,2210.417
3,-950.5866,76.47044,2021.752,97.38261,302.3922,2208.905
3,-948.9205,39.39066,2014.644,58.31979,300.6207,2204.895
3,-932.6574,39.20691,2019.736,65.64951,297.5554,2202.978
3,-918.1376,38.75362,2022.924,75.47615,295.7019,2200.906
3,-908.5742,38.52832,2024.371,88.66454,295.7377,2206.471
3,-896.0529,35.12143,2025.615,99.92069,291.2965,2208.182
3,-881.2999,31.28249,2024.652,107.2219,289.2766,2209.703
3,-865.9501,28.85602,2027.61,123.7696,290.2601,2209.85
3,-855.0627,30.63868,2033.078,132.2663,290.188,2215.464
3,-840.9342,32.03918,2039.311,144.0785,295.3693,2218.465
3,-829.7856,30.59975,2044.027,154.7643,297.4086,2220.322
3,-819.8705,32.62027,2046.838,156.562,284.7018,2216.859
3,-812.5705,37.60828,2057.647,165.3338,281.1615,2218.389
3,-805.7195,39.64048,2056.477,174.1853,285.7824,2218.99
3,-801.9488,40.04777,2061.161,177.9603,289.7654,2223.125
3,-803.4954,42.23351,2066.666,186.3569,289.2632,2218.511
3,-800.2889,40.43056,2070.346,190.709,287.6834,2224.48
3,-799.5733,40.0004,2070.672,197.8859,286.7131,2222.145
3,-799.334,42.18243,2075.45,199.8002,281.9381,2225.386
3,-800.6736,41.12918,2073.704,200.7187,281.1736,2224.002
3,-799.5189,42.59092,2075.62,200.3116,280.5583,2227.592
3,-800.095,40.7745,2078.869,203.3395,283.5544,2231.052
3,-800.5783,37.83252,2076.468,199.0053,276.9999,2229.48
3,-802.8587,38.04639,2073.232,195.0458,279.7931,2236.636
3,-800.85,36.19574,2072.044,195.1546,279.0659,2240.324
3,-800.3018,34.32219,2074.113,196.3403,280.0545,2247.33
3,-800.2383,33.92463,2072.017,190.6821,283.3363,2251.791
3,-803.1755,32.46951,2071.407,187.8534,287.8556,2252.968
3,-804.3075,30.71622,2069.489,189.5106,289.308,2257.676
3,-806.4982,28.16924,2068.485,187.9495,291.3265,2264.49
3,-811.1477,27.98504,2069.428,188.0973,292.3296,2264.034
3,-812.2805,27.24114,2068.544,188.6141,291.8009,2265.746
3,-812.8481,27.64126,2069.986,187.9414,286.1652,2270.042
3,-808.709,28.57335,2070.085,185.3,281.3854,2266.749
3,-807.762,30.15787,2072.325,184.5002,281.5735,2271.716
3,-810.4157,30.48654,2077.21,188.5208,281.1046,2275.557
3,-809.8662,30.2576,2083.169,191.5768,285.836,2284.204
3,-774.3976,52.40849,1873.949,368.15,348.5512,2054.782
3,-768.4479,53.30045,1870.747,376.4424,348.3087,2054.373
3,-758.0815,52.28749,1870.299,384.8362,349.2885,2054.256
3,-750.8082,56.67339,1871.959,391.8068,346.9625,2055.129
3,-740.9166,55.30235,1869.227,398.8897,345.7101,2055.139
3,-736.3141,54.57004,1870.184,401.3535,341.7126,2053.774
3,-725.8812,57.93854,1871.284,416.8754,346.6531,2057.439
3,-712.4097,56.16448,1872.628,417.6328,340.5597,2052.646
3,-702.1616,54.4572,1878.667,430.0449,348.7719,2050.614
3,-694.6153,53.21168,1882.954,436.1619,350.0705,2049.821
3,-694.3329,49.90788,1888.406,441.4995,347.6587,2047.929
3,-686.3759,46.14461,1889.509,448.3995,349.2523,2044.543
3,-680.3134,43.32731,1892.836,453.6537,350.2063,2044.555
3,-669.1365,40.32247,1893.864,459.8462,350.1045,2043.331
3,-662.3004,39.225,1893.685,465.6759,348.9965,2045.574
3,-656.2678,35.45485,1892.412,463.4125,348.9854,2043.13
3,-656.5277,36.21146,1890.863,464.5371,349.2868,2044.667
3,-658.4083,36.2293,1889.888,462.2187,349.762,2044.652
3,-654.5144,37.58057,1883.963,464.7675,350.3338,2046.844
3,-656.3807,36.31888,1876.883,462.6168,349.0418,2050.367
3,-658.4883,38.83802,1870.268,461.0045,348.4581,2049.782
3,-661.0324,39.74913,1865.801,462.8548,349.5188,2049.315
3,-661.6083,40.08068,1862.5,464.3025,350.4716,2049.722
3,-661.1138,42.16715,1860.606,460.2929,349.5637,2051.456
3,-660.355,43.74798,1859.141,459.6526,348.9827,2050.783
3,-662.8634,45.7075,1856.737,460.5117,348.6435,2049.863
3,-668.1418,47.77613,1855.766,459.629,346.4561,2050.947
3,-664.829,51.04071,1854.27,454.7347,345.7136,2052.644
3,-661.6108,52.63429,1852.918,459.3819,344.6108,2052.775
3,-658.5579,53.06729,1855.583,466.2127,350.8563,2054.005
3,-657.3775,53.37411,1857.493,471.9169,349.5499,2055.157
3,-654.4515,58.81174,1861.336,475.1122,345.8124,2055.455
3,-651.0773,63.32405,1862.854,480.1246,337.7299,2059.154
3,-645.4095,65.44921,1863.462,485.1018,332.5884,2057.501
3,-640.9861,65.41229,1868.029,488.6465,329.666,2056.744
3,-630.727,65.62854,1868.029,500.2478,333.3558,2062.405
3,-621.4478,64.88047,1870.821,513.0175,331.8921,2065.873
3,-609.0919,69.11244,1874.714,520.9985,332.4307,2065.432
3,-599.8974,67.85883,1879.483,528.9813,327.7481,2058.492
3,-591.1362,66.17493,1877.008,536.3717,326.3605,2055.728
3,-583.7289,64.13741,1877.141,550.7309,328.0316,2062.671
3,-571.3483,62.47655,1876.993,554.8143,328.3982,2059.281
3,-561.8238,61.06071,1878.025,568.1387,327.562,2061.991
3,-554.5287,62.92446,1878.857,574.829,333.9753,2060.381
3,-542.8048,63.87053,1879.699,578.6113,332.7945,2059.383
3,-535.799,63.08059,1885.314,596.3652,335.1673,2065.136
3,-528.8307,58.48545,1883.814,597.5648,329.8779,2054.644
3,-518.7796,57.95802,1887.91,602.7898,329.4723,2056.419
3,-507.0754,56.59976,1885.272,611.5057,329.6651,2054.344
3,-509.4413,52.15867,1890.909,615.3527,330.6116,2058.339
3,-506.0611,51.38582,1890.861,620.1931,331.6972,2059.58
3,-502.4609,52.30029,1893.344,628.3262,332.5024,2061.001
3,-496.1252,55.20645,1895.305,628.0049,330.9532,2061.722
3,-495.477,55.32656,1896.471,635.6137,330.3725,2063.597
3,-497.4999,58.29333,1898.253,628.8859,326.3817,2058.612
3,-498.9829,60.8409,1899.522,629.8811,321.6385,2056.99
3,-500.2688,61.64697,1900.621,629.3758,319.5512,2058.484
3,-499.6528,63.98094,1897.363,622.9286,320.0309,2058.557
3,-500.4406,65.66986,1894.635,619.5768,318.0078,2055.746
3,-501.6553,67.8776,1893.03,623.4915,314.8051,2054.872
3,-505.2934,70.81958,1889.543,614.3074,315.4464,2050.506
3,-507.6406,72.62894,1887.27,611.9826,314.9448,2048.594
3,-511.2279,70.57561,1883.837,612.0613,315.4112,2052.38
3,-512.9119,73.01239,1882.024,606.8842,319.0231,2053.298
3,-518.7608,74.14715,1876.51,604.2752,322.6126,2050.923
3,-523.4118,73.15779,1873.615,604.7065,321.2115,2048.17
3,-526.3885,73.33011,1871.419,603.5947,322.3389,2047.338
3,-529.4642,75.04152,1865.808,600.9271,326.0198,2048.208
3,-531.7729,76.29453,1864.118,605.7811,325.2649,2047.487
3,-533.861,75.62514,1860.872,599.2891,327.1802,2041.01
3,-536.7731,78.67464,1859.374,603.103,328.5032,2040.835
3,-539.6748,86.45036,1858.318,604.024,329.6126,2037.189
3,-539.183,90.04475,1855.229,609.6835,331.8955,2038.193
3,-539.1083,91.37069,1851.497,613.5949,333.9489,2035.504
3,-537.7423,98.35938,1850.486,613.0804,327.3496,2023.044
3,-811.4361,27.83002,2101.103,194.2638,285.7473,2284.31
3,-811.4217,24.73019,2113.952,196.866,280.5589,2285.531
3,-811.1342,20.76655,2116.759,198.0223,281.2501,2291.783
3,-806.4896,15.85034,2121.283,206.0606,276.4322,2288.641
3,-804.7483,18.56495,2133.772,212.0263,265.6344,2295.537
3,-786.9617,15.7428,2142.875,215.1623,262.6526,2298.432
3,-768.911,15.98017,2153.921,223.3487,265.7725,2306.269
3,-758.7582,15.91164,2163.777,231.0439,268.1385,2308.116
3,-753.7803,18.1584,2172.639,234.5051,264.1683,2317.566
3,-749.4686,16.21916,2179.187,242.0689,264.1775,2325.07
3,-748.215,16.69426,2181.442,247.4097,266.7522,2332.066
3,-747.8161,12.76406,2189.892,251.6532,264.3395,2332.678
3,-749.3138,14.11191,2200.937,258.4903,257.898,2339.639
3,-746.5945,14.905,2207.65,259.5062,253.6717,2337.666
3,-739.2748,13.6637,2215.459,256.7695,247.6745,2340.644
3,-735.6933,13.96963,2222.082,262.4928,244.6408,2340.183
3,-731.5874,16.05557,2225.568,266.4192,243.2846,2345.604
3,-737.4724,20.3288,2232.544,268.024,243.0306,2344.234
3,-739.2474,22.17962,2237.981,271.2806,246.9726,2354.948
3,-741.3792,21.49172,2246.36,271.4311,246.6316,2363.032
3,-735.2303,16.47811,2240.736,272.5135,247.091,2370.526
3,-737.9407,14.47951,2240.459,270.2769,245.2004,2377.267
3,-737.6229,14.01254,2239.966,272.6056,237.2069,2389.072
3,-738.4122,14.07939,2240.743,264.0415,232.5069,2389.645
3,-745.0643,11.61201,2241.861,255.7252,228.1512,2391.334
3,-751.0513,11.31512,2241.243,258.4477,228.1507,2394.772
3,-756.1058,9.177995,2239.362,252.7492,228.2999,2395.15
3,-769.9265,3.433024,2242.915,247.0277,221.2234,2395.412
3,-776.4595,2.663367,2246.799,245.3596,225.6251,2400.809
3,-774.2123,1.327203,2247.05,252.9679,229.3106,2408.363
3,-777.9579,-6.646958,2249.94,245.8183,231.0553,2416.116
3,-789.141,-8.239963,2257.483,245.463,229.5368,2417.954
3,-793.961,-10.03309,2262.364,238.4763,229.3276,2416.38
3,-799.2875,-15.35451,2259.643,235.2767,229.3134,2418.445
3,-801.7762,-14.85386,2256.965,232.8065,226.0295,2416.87
3,-806.0942,-14.7336,2268.637,233.2937,226.1431,2427.846
3,-805.4417,-15.40602,2267.286,227.9071,220.4597,2428.865
3,-803.3153,-16.0346,2261.756,226.2803,219.8645,2436.953
3,-806.4077,-15.22646,2268.903,222.7701,224.1224,2439.938
3,-807.9671,-15.80942,2274.174,228.4341,221.2211,2442.504
3,-810.3559,-13.84124,2274.338,223.7435,222.5221,2439.936
3,-809.933,-13.14154,2274.808,220.8405,222.0523,2444.413
3,-807.0996,-14.79801,2279.146,222.4285,222.317,2449.981
3,-805.4463,-16.31433,2283.231,223.0429,226.059,2456.588
3,-800.074,-22.57602,2287.928,222.7076,227.2841,2468.119
3,-800.3279,-15.94961,2294.924,221.8061,228.1964,2468.03
3,-797.6971,-15.80093,2299.376,225.1831,222.4383,2473.262
3,-796.4237,-18.67389,2306.785,228.3479,216.9825,2471.641
3,-788.0385,-17.04014,2306.423,233.6131,213.8046,2479.152
3,-788.9175,-13.90553,2331.705,237.0433,222.3012,2479.365
3,-769.0979,-45.89834,2337.511,238.3417,218.5789,2472.778
3,-726.9725,-73.66973,2337.632,241.9775,215.0053,2481.529
3,-680.9246,-65.38273,2343.92,249.5882,210.9993,2480.835
3,-691.1037,-47.22409,2351.052,261.1547,216.5033,2485.258
3,-679.6039,-42.10491,2355.755,268.8237,219.4952,2479.22
3,-672.2236,-33.96323,2364.023,265.8211,207.4716,2484.406
3,-678.1869,-24.15513,2363.606,271.4394,205.5156,2485.75
3,-700.46,-11.14321,2371.157,276.6487,208.3423,2486.413
3,-695.6027,-10.639,2369.459,279.7772,210.3383,2494.277
3,-702.3104,-8.740329,2384.813,278.4421,206.0426,2487.621
3,-707.9194,-9.382133,2391.044,279.1353,204.4437,2493.902
3,-714.7225,-9.348795,2396.699,283.795,206.0129,2496.556
3,-719.3057,-9.240616,2404.975,283.8835,196.6045,2506.443
3,-719.0123,-11.49685,2411.795,289.2102,197.2541,2513.006
3,-719.7235,10.8182,1898.52,341.9302,293.154,2077.799
3,-721.0347,8.312388,1898.123,345.6683,297.0592,2080.763
3,-718.846,7.613549,1897.091,344.6223,298.6664,2080.147
3,-717.1174,7.110857,1896.72,340.7992,297.4186,2078.847
3,-718.1945,7.384729,1899.985,342.506,299.3819,2080.491
3,-719.8946,7.949518,1899.45,342.5925,299.7579,2082.78
3,-718.635,7.805285,1899.991,338.7493,298.361,2080.72
3,-717.4007,7.711517,1897.818,339.467,296.6472,2082.847
3,-719.3746,6.770529,1897.577,337.4946,295.1092,2081.827
3,-717.2725,8.398076,1898.231,338.9643,295.71,2082.08
3,-709.5304,9.214177,1899.317,338.2098,296.6009,2081.148
3,-705.6983,6.949905,1900.51,339.1549,298.2924,2082.18
3,-703.5225,5.708637,1900.453,342.0044,299.34,2086.301
3,-702.9076,6.091701,1898.821,341.0513,302.2917,2086.468
3,-702.6489,6.136924,1900.902,340.3673,301.5324,2086.001
3,-701.8973,5.948627,1900.763,339.321,301.9638,2087.584
3,-702.9392,5.429765,1900.438,341.9842,300.0431,2088.043
3,-703.677,5.545105,1901.685,340.5849,302.785,2089.863
3,-703.9758,5.713557,1902.48,338.9059,304.1046,2089.862
3,-704.2974,6.611947,1900.865,339.4614,307.8495,2089.687
3,-705.5883,6.65656,1901.203,337.3451,305.4411,2089.344
3,-707.8053,8.517506,1900.289,328.7739,299.2136,2084.121
3,-710.4932,6.843744,1901.473,332.1635,299.0052,2090.318
3,-711.9074,8.738406,1900.212,332.2715,297.8528,2093.233
3,-713.92,10.12818,1901.886,329.4893,297.6361,2094.608
3,-715.5565,12.398,1902.504,330.3746,298.4016,2098.076
3,-713.2912,11.99485,1902.627,332.3009,299.029,2100.585
3,-716.4327,12.87478,1905.208,331.8082,299.7996,2101.787
3,-715.3447,12.58247,1904.424,327.5715,298.8951,2102.888
3,-715.4839,10.68352,1906.065,326.5262,294.5662,2102.337
3,-715.2321,9.14071,1907.644,325.4105,296.2751,2104.348
3,-716.7592,10.45173,1906.042,325.877,297.3181,2104.28
3,-713.288,8.613194,1904.901,327.0752,297.7992,2105.104
3,-716.9968,8.145379,1907.688,326.8407,298.2126,2105.548
3,-714.1495,7.380467,1908.505,327.7161,298.7434,2104.919
3,-715.8945,7.926165,1906.729,326.7033,300.6551,2106.03
3,-715.7013,5.917248,1907.631,322.0029,302.2309,2107.199
3,-718.8073,6.335455,1908.02,316.6815,302.0759,2105.548
3,-725.1985,6.72059,1907.234,313.939,303.3503,2106.664
3,-727.0212,5.633503,1907.741,307.7519,301.9869,2103.345
3,-730.1837,4.612643,1905.874,302.1497,302.551,2104.891
3,-730.8857,5.117616,1908.432,307.8956,303.5267,2109.665
3,-731.6506,6.09941,1906.295,303.7067,301.5158,2110.69
3,-735.6728,5.788347,1907.536,300.5548,300.7408,2108.791
3,-739.4796,6.660338,1908.743,299.1387,297.4884,2110.411
3,-742.5442,7.502408,1908.455,289.2784,297.121,2111.564
3,-742.954,7.821939,1911.677,286.4971,299.191,2109.443
3,-743.3773,9.733018,1911.117,285.3503,296.5425,2107.466
3,-743.5317,9.123342,1911.726,285.6203,292.5255,2109.939
3,-744.6108,8.919331,1913.824,286.3513,289.9832,2114.926
3,-745.6216,7.549988,1915.228,289.5038,291.0805,2118.287
3,-748.0191,7.009949,1920.231,288.9069,288.6674,2121.025
3,-749.9256,8.363659,1924.729,290.4437,286.7481,2128.001
3,-750.4188,9.179603,1928.001,289.9474,289.5556,2129.941
3,-746.7606,9.415178,1933.478,287.4765,288.5667,2127.146
3,-744.728,7.597327,1938.207,290.2356,289.3164,2136.646
3,-741.9792,5.86236,1942.27,298.4726,291.8885,2143.191
3,-741.5542,4.451807,1945.532,296.2437,290.5045,2143.906
3,-737.996,1.757412,1947.248,298.0129,285.9582,2143.949
3,-732.6143,1.622454,1950.909,303.7181,285.4864,2148.184
3,-728.8674,0.4151393,1955.52,307.926,282.0905,2151.151
3,-717.8017,-2.391948,1958.727,314.4479,286.3226,2157.189
3,-708.2343,-2.69622,1966.806,317.3815,286.5325,2154.983
3,-699.3499,-2.895375,1972.679,318.4556,285.0607,2160.708
3,-697.332,-2.813474,1974.871,323.3523,283.9368,2162.117
3,-696.922,-2.787407,1983.278,326.5268,280.7855,2163.168
3,-693.8516,-1.367924,1987.645,327.6939,283.6661,2166.487
3,-685.8796,-2.177236,1990.768,334.719,284.5227,2170.836
3,-712.2303,10.31068,1990.178,338.1684,283.1489,2173.198
3,-689.2566,-1.229611,1996.626,340.0455,282.4667,2172.346
3,-670.4346,-7.166447,2000.83,341.1425,283.1407,2173.386
3,-669.5129,-9.184697,2003.485,340.0306,278.8569,2177.69
3,-666.965,-9.754145,2003.461,342.2472,279.1347,2182.044
3,-664.4436,-12.87814,2004.166,342.184,281.7494,2185.296
3,-666.9628,-19.08767,2004.016,339.4551,280.9249,2187.71
3,-670.9432,-19.73371,2004.254,339.3723,277.7426,2190.785
3,-671.7348,-22.98178,2002.531,336.2742,273.7757,2194.521
3,-674.1237,-27.30961,2000.594,330.5106,270.2074,2194.428
3,-676.0699,-29.8429,2000.398,328.6392,269.4313,2198.133
3,-679.6706,-31.40337,1999.989,322.6759,264.5315,2196.936
3,-683.0804,-30.94705,1997.743,323.7866,270.2731,2201.054
3,-686.8524,-30.32129,1997.722,325.9026,268.7618,2203.711
3,-687.7938,-26.32661,1998.433,320.6312,266.6035,2200.069
3,-687.9952,-29.63934,2001.141,325.4117,268.0846,2201.695
3,-688.7763,-31.08504,2001.387,323.1576,268.8381,2201.922
3,-690.827,-29.94357,2004.375,323.5308,268.3503,2202.051
3,-692.067,-28.94791,2005.296,316.2415,267.1106,2198.005
3,-692.8716,-27.65571,2004.906,316.3081,269.9299,2196.648
3,-695.4668,-26.66416,2006.154,315.804,272.9491,2199.4
3,-694.2557,-28.8097,2005.254,319.395,270.7586,2203
3,-694.699,-26.98963,2004.915,316.7553,270.0763,2199.278
3,-694.8231,-25.41673,2004.099,309.2126,268.4,2196.827
3,-697.0348,-27.53236,2001.823,309.4932,266.3792,2197.712
3,-698.2065,-27.21665,2000.033,308.5405,269.7289,2199.131
3,-697.2513,-27.03944,2000.738,309.6862,271.103,2199.086
3,-698.7623,-26.40768,1999.795,308.662,271.0515,2200.581
3,-697.1396,-26.81105,1998.787,308.4561,269.9383,2199.966
3,-698.599,-23.60088,1998.433,305.9498,268.8607,2196.5
3,-699.1554,-24.82889,1997.569,305.4023,268.7949,2197.675
3,-697.5482,-27.2394,1997.569,308.7692,270.5286,2200.697
3,-701.3877,-25.21042,1997.884,305.8026,270.3051,2198.229
3,-698.7532,-27.44305,1995.325,308.9312,270.8501,2199.309
3,-697.3858,-25.34785,1995.503,304.978,267.6705,2196.301
3,-697.5956,-26.39527,1996.655,307.9305,268.122,2196.863
3,-699.2448,-24.85211,1995.816,306.1547,267.3195,2198.934
3,-698.1543,-27.32086,1997.914,309.636,267.7372,2199.178
3,-697.5502,-26.35905,1999.171,308.881,269.3288,2198.665
3,-697.7264,-27.30669,1999.009,309.9337,271.256,2201.545
3,-697.4595,-26.51497,2000.184,309.3402,269.9479,2200.136
3,-699.2426,-25.43212,2003.335,308.2108,268.515,2199.119
3,-698.7485,-26.8705,2004.451,307.3719,268.3603,2196.912
3,-697.216,-26.13292,2004.635,306.7555,269.5605,2198.75
3,-698.0553,-26.09319,2005.638,309.0954,269.6856,2198.055
3,-698.3531,-25.15523,2006.194,309.9537,269.0637,2199.188
3,-700.191,-24.73691,2006.739,305.1935,269.9588,2195.27
3,-703.2927,-24.17023,2008.719,308.3156,271.9452,2196.428
3,-702.1935,-20.582,2006.47,303.775,272.5114,2196.204
3,-705.8322,-19.6688,2010.109,306.6648,271.2154,2195.697
3,-705.5438,-17.57141,2006.965,305.3658,271.7922,2192.313
3,-705.3556,-18.79357,2006.75,305.8433,272.693,2193.488
3,-706.9432,-18.68076,2007.649,299.1968,271.5238,2190.661
3,-707.8343,-19.54604,2012.309,298.8819,271.1429,2189.344
3,-710.6508,-21.98644,2011.908,295.6064,273.2605,2187.782
3,-713.5738,-20.7921,2012.3,293.8082,278.8528,2189.334
3,-717.1228,-26.75857,2010.838,293.0054,283.0765,2193.571
3,-724.2776,-22.21284,2008.686,286.2021,281.5967,2193.064
3,-727.6679,-19.96714,2006.837,273.905,281.3864,2182.504
3,-734.6658,-22.40815,2002.89,273.4754,281.6588,2191.087
3,-739.0352,-21.75913,2000.531,268.2417,285.5352,2188.51
3,-743.9557,-24.38177,2000.031,263.947,285.766,2189.202
3,-748.0948,-25.27985,1996.92,251.255,281.3943,2184.375
3,-758.6887,-23.22101,1992.589,250.2719,284.1317,2191.736
3,-769.4739,-20.08934,1992.253,250.0115,282.8216,2190.903
3,-777.952,-17.58455,1990.691,240.2845,283.5086,2187.227
3,-780.4172,-17.99212,1990.819,234.4985,281.7814,2193.637
3,-783.5365,-16.14245,1990.55,230.3616,271.6073,2188.498
3,-788.2952,-16.89312,1990.474,223.7217,278.1608,2193.481
3,-791.0553,-14.03437,1988.182,220.2855,282.2791,2196.611
3,-793.9703,-11.2894,1989.779,219.2759,281.5499,2194.947
3,-796.8168,-6.021885,1989.057,216.0586,281.9919,2195.702
3,-798.1559,-5.183282,1989.694,208.4435,282.8579,2193.122
3,-799.3021,-4.993834,1987.534,204.4576,286.2155,2191.645
3,-800.5755,-4.486482,1987.031,206.8073,283.9179,2192.65
3,-796.6241,-4.933206,1986.909,208.7768,284.8622,2195.559
3,-796.0789,-1.858844,1987.521,204.799,281.6973,2189.646
3,-795.2857,-2.119108,1988.101,209.5935,285.5567,2191.125
3,-797.666,-0.1520873,1987.661,204.9048,284.702,2186.982
3,-798.9714,-2.112532,1985.469,204.7664,284.242,2185.82
3,-802.4677,-2.939086,1985.379,205.5313,284.2131,2181.399
3,-804.6475,-4.477714,1985.642,203.4556,283.4009,2179.389
3,-805.9527,-4.870385,1983.947,197.9597,284.0408,2176.476
3,-808.7098,-8.264022,1984.492,197.1798,283.5264,2173.865
3,-815.1044,-8.624722,1983.501,195.5174,285.4519,2176.155
3,-818.1619,-8.912166,1983.828,187.3238,286.3606,2174.044
3,-825.1998,-9.291272,1981.823,184.0192,290.0618,2178.093
3,-827.4352,-10.68121,1980.396,177.3319,290.2396,2177.623
3,-832.9988,-14.3753,1979.726,165.9558,287.5874,2177.317
3,-837.6843,-16.01229,1975.158,160.8219,283.5774,2178.459
3,-847.796,-15.1489,1972.875,148.687,278.1686,2169.24
3,-857.9227,-8.020123,1971.482,145.2621,281.0118,2168.146
3,-864.2341,-5.767544,1970.143,146.7272,282.1913,2169.472
3,-865.6501,-4.416034,1969.975,135.9693,278.5691,2170.035
3,-868.2349,-3.478831,1970.533,129.0827,276.8344,2165.918
3,-877.1019,-0.4906933,1969.409,128.5833,276.1576,2160.606
3,-882.8102,2.048374,1966.406,121.761,276.6815,2164.031
3,-886.7894,2.126403,1965.347,116.0633,276.9337,2161.7
3,-889.9134,1.65253,1963.887,111.3336,283.4588,2166.278
3,-893.4208,-0.07784454,1960.693,108.8744,278.8839,2165.04
3,-895.3098,-1.500513,1959.271,100.7946,276.3087,2161.472
3,-899.3117,-2.557176,1956.923,99.38387,275.6535,2163.389
3,-904.7936,-0.057644,1955.185,90.46455,277.3352,2159.24
3,-910.4631,0.53686,1955.63,87.30918,273.7213,2158.658
3,-916.445,-0.3143899,1953.008,78.8922,278.2196,2159.463
3,-957.4554,12.06909,1951.565,82.07318,280.7339,2160.407
3,-939.8326,0.9982148,1951.526,78.04684,283.6763,2159.814
3,-937.3311,0.9029436,1950.426,72.83552,281.2474,2156.926
3,-933.616,1.579329,1949.541,70.37143,279.3349,2160.351
3,-935.7847,-0.8632488,1948.458,67.73217,279.6628,2160.108
3,-937.2794,-0.4765633,1945.708,65.10369,280.9127,2160.049
3,-941.3477,-2.7182,1947.643,67.4632,279.0309,2161.059
3,-942.1269,-0.6357647,1945.124,67.61023,278.8492,2159.672
3,-942.6308,-0.9123622,1946.363,62.65014,281.6026,2157.639
3,-944.3993,-0.882414,1943.253,60.26251,279.9458,2159.716
3,-940.8598,-1.880199,1942.024,57.45974,281.529,2158.35
3,-944.7125,-1.651994,1943.844,60.00196,283.2523,2159.198
3,-944.1814,-0.1738669,1939.937,55.99316,280.9096,2156.887
3,-945.5605,-0.5905949,1943.071,53.48072,279.1068,2154.438
3,-945.4698,1.41077,1939.806,56.57139,279.4829,2158.923
3,-943.7034,1.678018,1938.341,53.01453,279.5468,2156.172
3,-943.8478,1.357653,1939.398,49.99573,282.4054,2158.658
3,-942.7021,1.799325,1936.512,52.06097,280.693,2156.492
3,-945.5815,2.89088,1937.201,52.48355,281.7215,2157.565
3,-948.8289,2.476454,1937.758,52.82482,282.4409,2156.731
3,-950.0367,2.461892,1938.62,54.26732,283.9688,2156.309
3,-949.8669,2.772262,1933.669,51.97352,285.329,2161.127
3,-952.0807,2.283815,1936.445,53.82235,284.7081,2159.88
3,-951.0952,3.811615,1935.423,51.43056,282.6779,2158.709
3,-951.8561,3.684476,1936.664,52.11378,280.9294,2157.781
3,-953.0142,4.250176,1939.599,55.88579,280.6155,2163.404
3,-952.0257,4.197711,1938.088,55.28165,281.1878,2160.987
3,-947.5316,1.72165,1940.761,61.02993,281.9779,2163.85
3,-946.7056,3.333091,1941.833,63.19989,282.4044,2161.662
3,-943.6215,5.877785,1942.748,67.45874,283.5942,2162.651
3,-937.2042,7.391874,1941.801,74.27382,279.2357,2163.028
3,-930.6682,8.745713,1943.038,80.0156,276.2647,2158.286
3,-927.0918,10.97764,1944.311,86.00652,273.3704,2156.819
3,-924.0542,10.5781,1943.672,94.74737,273.1237,2160.653
3,-913.4714,9.858317,1947.197,108.7264,272.836,2160.419
3,-903.9103,11.61014,1949.747,117.886,274.2173,2162.394
3,-895.3407,11.42003,1951.972,128.4069,278.5202,2162.709
3,-885.6418,6.875006,1953.667,136.4915,285.1266,2167.425
3,-874.8266,4.787095,1956.758,150.0963,285.1335,2167.49
3,-862.3899,4.075637,1962.119,152.1306,283.347,2165.343
3,-848.4922,2.313162,1973.1,162.6116,282.2929,2170.448
3,-837.856,-1.080492,1974.893,168.8884,287.3221,2166.024
3,-831.7777,-2.835617,1978.487,172.9895,292.2159,2167.631
3,-825.4166,-2.299688,1981.778,183.9564,294.3471,2169.779
3,-824.8352,-2.418623,1981.439,189.8844,293.2991,2167.215
3,-821.6295,-2.338277,1986.951,195.0261,295.6873,2175.893
3,-816.4785,-5.755384,1988.027,189.945,291.6746,2169.929
3,-811.0113,-10.75254,1991.181,192.4791,286.7032,2170.743
3,-812.2281,-9.193121,1992.277,192.8772,287.4013,2174.258
3,-811.4395,-9.753709,1992.815,191.9339,282.6894,2173.639
3,-811.0939,-9.510171,1992.604,192.6331,284.1849,2176.717
3,-817.1588,-9.549403,1992.826,188.724,282.0114,2180.426
3,-821.8032,-11.23696,1992.46,187.495,274.4999,2186.188
3,-825.0986,-11.19,1992.128,184.9882,275.7065,2189.454
3,-829.2726,-7.880444,1990.249,186.6722,277.5673,2187.865
3,-827.9919,-4.178646,1993.709,181.9164,275.8475,2190.26
3,-837.3171,-5.33628,1991.167,179.8288,273.0667,2192.358
3,-841.6814,-3.650384,1988.775,180.5718,278.0727,2196.718
3,-840.1675,-5.588107,1989.105,182.7092,279.1234,2199.44
3,-841.2219,-5.389854,1989.273,180.7039,275.9461,2197.828
3,-840.6455,-4.045059,1987.878,181.4221,273.2379,2198.198
3,-841.3192,-2.455328,1986.26,184.2744,271.1196,2199.506
3,-842.8169,-2.222546,1988.42,184.846,269.1895,2200.996
3,-843.1887,-2.436384,1990.014,188.982,268.8772,2203.655
3,-836.0709,-3.53992,1989.669,191.8922,269.5074,2206.267
3,-823.8745,-10.82848,1992.068,193.3752,273.2342,2209.321
3,-816.2413,-15.13509,1996.057,200.9491,273.0111,2213.612
3,-811.2634,-16.97457,1998.162,199.8639,273.8876,2211.267
3,-809.984,-17.74619,2005.006,201.2508,278.8341,2214.217
3,-811.4935,-22.21437,2007.601,206.1736,280.062,2213.8
3,-809.275,-22.11307,2008.786,209.0239,277.2904,2212.578
3,-804.7523,-25.50154,2011.274,210.7408,270.4204,2211.608
3,-803.5726,-24.61799,2014.85,221.8602,276.1988,2216.731
3,-799.9052,-26.07697,2014.042,224.5132,274.1144,2214.583
3,-790.596,-29.05489,2020.627,226.1396,272.1904,2213.836
3,-784.6462,-25.78131,2023.786,231.539,273.3685,2216.948
3,-780.7601,-24.95918,2024.581,233.3355,273.0741,2216.215
3,-773.4268,-27.88878,2026.464,239.6267,272.6555,2219.861
3,-766.2312,-26.05844,2026.344,246.5476,272.9868,2218.964
3,-757.9697,-28.50932,2028.685,249.7854,273.4056,2215.605
3,-752.9735,-28.25462,2030.149,257.2477,272.7146,2221.974
3,-747.7908,-28.28538,2034.498,260.2144,273.0317,2220.226
3,-741.3387,-26.80014,2034.193,267.2076,270.9631,2221.357
3,-740.1052,-26.90722,2036.725,272.8941,267.0363,2224.093
3,-733.6919,-27.92799,2039.335,278.746,263.4001,2222.548
3,-728.4626,-28.72074,2042.836,281.0376,265.455,2221.182
3,-717.5454,-27.44415,2044.88,286.2159,270.1877,2221.384
3,-711.0209,-28.59955,2046.165,294.1451,271.955,2222.324
3,-708.5567,-29.87461,2047.689,296.8555,271.6072,2221.124
3,-699.3603,-29.54932,2049.768,304.3385,273.3806,2221.274
3,-696.1059,-27.97764,2052.005,313.0865,271.0983,2227.485
3,-695.0808,-30.09741,2052.122,314.1195,273.7081,2224.428
3,-719.7235,10.8182,1898.52,341.9302,293.154,2077.799
3,-721.0347,8.312388,1898.123,345.6683,297.0592,2080.763
3,-718.846,7.613549,1897.091,344.6223,298.6664,2080.147
3,-717.1174,7.110857,1896.72,340.7992,297.4186,2078.847
3,-718.1945,7.384729,1899.985,342.506,299.3819,2080.491
3,-719.8946,7.949518,1899.45,342.5925,299.7579,2082.78
3,-718.635,7.805285,1899.991,338.7493,298.361,2080.72
3,-717.4007,7.711517,1897.818,339.467,296.6472,2082.847
3,-719.3746,6.770529,1897.577,337.4946,295.1092,2081.827
3,-717.2725,8.398076,1898.231,338.9643,295.71,2082.08
3,-709.5304,9.214177,1899.317,338.2098,296.6009,2081.148
3,-705.6983,6.949905,1900.51,339.1549,298.2924,2082.18
3,-703.5225,5.708637,1900.453,342.0044,299.34,2086.301
3,-702.9076,6.091701,1898.821,341.0513,302.2917,2086.468
3,-702.6489,6.136924,1900.902,340.3673,301.5324,2086.001
3,-701.8973,5.948627,1900.763,339.321,301.9638,2087.584
3,-702.9392,5.429765,1900.438,341.9842,300.0431,2088.043
3,-703.677,5.545105,1901.685,340.5849,302.785,2089.863
3,-703.9758,5.713557,1902.48,338.9059,304.1046,2089.862
3,-704.2974,6.611947,1900.865,339.4614,307.8495,2089.687
3,-705.5883,6.65656,1901.203,337.3451,305.4411,2089.344
3,-707.8053,8.517506,1900.289,328.7739,299.2136,2084.121
3,-710.4932,6.843744,1901.473,332.1635,299.0052,2090.318
3,-711.9074,8.738406,1900.212,332.2715,297.8528,2093.233
3,-713.92,10.12818,1901.886,329.4893,297.6361,2094.608
3,-715.5565,12.398,1902.504,330.3746,298.4016,2098.076
3,-713.2912,11.99485,1902.627,332.3009,299.029,2100.585
3,-716.4327,12.87478,1905.208,331.8082,299.7996,2101.787
3,-715.3447,12.58247,1904.424,327.5715,298.8951,2102.888
3,-715.4839,10.68352,1906.065,326.5262,294.5662,2102.337
3,-715.2321,9.14071,1907.644,325.4105,296.2751,2104.348
3,-716.7592,10.45173,1906.042,325.877,297.3181,2104.28
3,-713.288,8.613194,1904.901,327.0752,297.7992,2105.104
3,-716.9968,8.145379,1907.688,326.8407,298.2126,2105.548
3,-714.1495,7.380467,1908.505,327.7161,298.7434,2104.919
3,-715.8945,7.926165,1906.729,326.7033,300.6551,2106.03
3,-715.7013,5.917248,1907.631,322.0029,302.2309,2107.199
3,-718.8073,6.335455,1908.02,316.6815,302.0759,2105.548
3,-725.1985,6.72059,1907.234,313.939,303.3503,2106.664
3,-727.0212,5.633503,1907.741,307.7519,301.9869,2103.345
3,-730.1837,4.612643,1905.874,302.1497,302.551,2104.891
3,-730.8857,5.117616,1908.432,307.8956,303.5267,2109.665
3,-731.6506,6.09941,1906.295,303.7067,301.5158,2110.69
3,-735.6728,5.788347,1907.536,300.5548,300.7408,2108.791
3,-739.4796,6.660338,1908.743,299.1387,297.4884,2110.411
3,-742.5442,7.502408,1908.455,289.2784,297.121,2111.564
3,-742.954,7.821939,1911.677,286.4971,299.191,2109.443
3,-743.3773,9.733018,1911.117,285.3503,296.5425,2107.466
3,-743.5317,9.123342,1911.726,285.6203,292.5255,2109.939
3,-744.6108,8.919331,1913.824,286.3513,289.9832,2114.926
3,-745.6216,7.549988,1915.228,289.5038,291.0805,2118.287
3,-748.0191,7.009949,1920.231,288.9069,288.6674,2121.025
3,-749.9256,8.363659,1924.729,290.4437,286.7481,2128.001
3,-750.4188,9.179603,1928.001,289.9474,289.5556,2129.941
3,-746.7606,9.415178,1933.478,287.4765,288.5667,2127.146
3,-744.728,7.597327,1938.207,290.2356,289.3164,2136.646
3,-741.9792,5.86236,1942.27,298.4726,291.8885,2143.191
3,-741.5542,4.451807,1945.532,296.2437,290.5045,2143.906
3,-737.996,1.757412,1947.248,298.0129,285.9582,2143.949
3,-732.6143,1.622454,1950.909,303.7181,285.4864,2148.184
3,-728.8674,0.4151393,1955.52,307.926,282.0905,2151.151
3,-717.8017,-2.391948,1958.727,314.4479,286.3226,2157.189
3,-708.2343,-2.69622,1966.806,317.3815,286.5325,2154.983
3,-699.3499,-2.895375,1972.679,318.4556,285.0607,2160.708
3,-697.332,-2.813474,1974.871,323.3523,283.9368,2162.117
3,-696.922,-2.787407,1983.278,326.5268,280.7855,2163.168
3,-693.8516,-1.367924,1987.645,327.6939,283.6661,2166.487
3,-685.8796,-2.177236,1990.768,334.719,284.5227,2170.836
3,-712.2303,10.31068,1990.178,338.1684,283.1489,2173.198
3,-689.2566,-1.229611,1996.626,340.0455,282.4667,2172.346
3,-670.4346,-7.166447,2000.83,341.1425,283.1407,2173.386
3,-669.5129,-9.184697,2003.485,340.0306,278.8569,2177.69
3,-666.965,-9.754145,2003.461,342.2472,279.1347,2182.044
3,-664.4436,-12.87814,2004.166,342.184,281.7494,2185.296
3,-666.9628,-19.08767,2004.016,339.4551,280.9249,2187.71
3,-670.9432,-19.73371,2004.254,339.3723,277.7426,2190.785
3,-671.7348,-22.98178,2002.531,336.2742,273.7757,2194.521
3,-674.1237,-27.30961,2000.594,330.5106,270.2074,2194.428
3,-676.0699,-29.8429,2000.398,328.6392,269.4313,2198.133
3,-679.6706,-31.40337,1999.989,322.6759,264.5315,2196.936
3,-683.0804,-30.94705,1997.743,323.7866,270.2731,2201.054
3,-686.8524,-30.32129,1997.722,325.9026,268.7618,2203.711
3,-687.7938,-26.32661,1998.433,320.6312,266.6035,2200.069
3,-687.9952,-29.63934,2001.141,325.4117,268.0846,2201.695
3,-688.7763,-31.08504,2001.387,323.1576,268.8381,2201.922
3,-690.827,-29.94357,2004.375,323.5308,268.3503,2202.051
3,-692.067,-28.94791,2005.296,316.2415,267.1106,2198.005
3,-692.8716,-27.65571,2004.906,316.3081,269.9299,2196.648
3,-695.4668,-26.66416,2006.154,315.804,272.9491,2199.4
3,-694.2557,-28.8097,2005.254,319.395,270.7586,2203
3,-694.699,-26.98963,2004.915,316.7553,270.0763,2199.278
3,-694.8231,-25.41673,2004.099,309.2126,268.4,2196.827
3,-697.0348,-27.53236,2001.823,309.4932,266.3792,2197.712
3,-698.2065,-27.21665,2000.033,308.5405,269.7289,2199.131
3,-697.2513,-27.03944,2000.738,309.6862,271.103,2199.086
3,-698.7623,-26.40768,1999.795,308.662,271.0515,2200.581
3,-697.1396,-26.81105,1998.787,308.4561,269.9383,2199.966
3,-698.599,-23.60088,1998.433,305.9498,268.8607,2196.5
3,-699.1554,-24.82889,1997.569,305.4023,268.7949,2197.675
3,-697.5482,-27.2394,1997.569,308.7692,270.5286,2200.697
3,-701.3877,-25.21042,1997.884,305.8026,270.3051,2198.229
3,-698.7532,-27.44305,1995.325,308.9312,270.8501,2199.309
3,-697.3858,-25.34785,1995.503,304.978,267.6705,2196.301
3,-697.5956,-26.39527,1996.655,307.9305,268.122,2196.863
3,-699.2448,-24.85211,1995.816,306.1547,267.3195,2198.934
3,-698.1543,-27.32086,1997.914,309.636,267.7372,2199.178
3,-697.5502,-26.35905,1999.171,308.881,269.3288,2198.665
3,-697.7264,-27.30669,1999.009,309.9337,271.256,2201.545
3,-697.4595,-26.51497,2000.184,309.3402,269.9479,2200.136
3,-699.2426,-25.43212,2003.335,308.2108,268.515,2199.119
3,-698.7485,-26.8705,2004.451,307.3719,268.3603,2196.912
3,-697.216,-26.13292,2004.635,306.7555,269.5605,2198.75
3,-698.0553,-26.09319,2005.638,309.0954,269.6856,2198.055
3,-698.3531,-25.15523,2006.194,309.9537,269.0637,2199.188
3,-700.191,-24.73691,2006.739,305.1935,269.9588,2195.27
3,-703.2927,-24.17023,2008.719,308.3156,271.9452,2196.428
3,-702.1935,-20.582,2006.47,303.775,272.5114,2196.204
3,-705.8322,-19.6688,2010.109,306.6648,271.2154,2195.697
3,-705.5438,-17.57141,2006.965,305.3658,271.7922,2192.313
3,-705.3556,-18.79357,2006.75,305.8433,272.693,2193.488
3,-706.9432,-18.68076,2007.649,299.1968,271.5238,2190.661
3,-707.8343,-19.54604,2012.309,298.8819,271.1429,2189.344
3,-710.6508,-21.98644,2011.908,295.6064,273.2605,2187.782
3,-713.5738,-20.7921,2012.3,293.8082,278.8528,2189.334
3,-717.1228,-26.75857,2010.838,293.0054,283.0765,2193.571
3,-724.2776,-22.21284,2008.686,286.2021,281.5967,2193.064
3,-727.6679,-19.96714,2006.837,273.905,281.3864,2182.504
3,-734.6658,-22.40815,2002.89,273.4754,281.6588,2191.087
3,-739.0352,-21.75913,2000.531,268.2417,285.5352,2188.51
3,-743.9557,-24.38177,2000.031,263.947,285.766,2189.202
3,-748.0948,-25.27985,1996.92,251.255,281.3943,2184.375
3,-758.6887,-23.22101,1992.589,250.2719,284.1317,2191.736
3,-769.4739,-20.08934,1992.253,250.0115,282.8216,2190.903
3,-777.952,-17.58455,1990.691,240.2845,283.5086,2187.227
3,-780.4172,-17.99212,1990.819,234.4985,281.7814,2193.637
3,-783.5365,-16.14245,1990.55,230.3616,271.6073,2188.498
3,-788.2952,-16.89312,1990.474,223.7217,278.1608,2193.481
3,-791.0553,-14.03437,1988.182,220.2855,282.2791,2196.611
3,-793.9703,-11.2894,1989.779,219.2759,281.5499,2194.947
3,-796.8168,-6.021885,1989.057,216.0586,281.9919,2195.702
3,-798.1559,-5.183282,1989.694,208.4435,282.8579,2193.122
3,-799.3021,-4.993834,1987.534,204.4576,286.2155,2191.645
3,-800.5755,-4.486482,1987.031,206.8073,283.9179,2192.65
3,-796.6241,-4.933206,1986.909,208.7768,284.8622,2195.559
3,-796.0789,-1.858844,1987.521,204.799,281.6973,2189.646
3,-795.2857,-2.119108,1988.101,209.5935,285.5567,2191.125
3,-797.666,-0.1520873,1987.661,204.9048,284.702,2186.982
3,-798.9714,-2.112532,1985.469,204.7664,284.242,2185.82
3,-802.4677,-2.939086,1985.379,205.5313,284.2131,2181.399
3,-804.6475,-4.477714,1985.642,203.4556,283.4009,2179.389
3,-805.9527,-4.870385,1983.947,197.9597,284.0408,2176.476
3,-808.7098,-8.264022,1984.492,197.1798,283.5264,2173.865
3,-815.1044,-8.624722,1983.501,195.5174,285.4519,2176.155
3,-818.1619,-8.912166,1983.828,187.3238,286.3606,2174.044
3,-825.1998,-9.291272,1981.823,184.0192,290.0618,2178.093
3,-827.4352,-10.68121,1980.396,177.3319,290.2396,2177.623
3,-832.9988,-14.3753,1979.726,165.9558,287.5874,2177.317
3,-837.6843,-16.01229,1975.158,160.8219,283.5774,2178.459
3,-847.796,-15.1489,1972.875,148.687,278.1686,2169.24
3,-857.9227,-8.020123,1971.482,145.2621,281.0118,2168.146
3,-864.2341,-5.767544,1970.143,146.7272,282.1913,2169.472
3,-865.6501,-4.416034,1969.975,135.9693,278.5691,2170.035
3,-868.2349,-3.478831,1970.533,129.0827,276.8344,2165.918
3,-877.1019,-0.4906933,1969.409,128.5833,276.1576,2160.606
3,-882.8102,2.048374,1966.406,121.761,276.6815,2164.031
3,-886.7894,2.126403,1965.347,116.0633,276.9337,2161.7
3,-889.9134,1.65253,1963.887,111.3336,283.4588,2166.278
3,-893.4208,-0.07784454,1960.693,108.8744,278.8839,2165.04
3,-895.3098,-1.500513,1959.271,100.7946,276.3087,2161.472
3,-899.3117,-2.557176,1956.923,99.38387,275.6535,2163.389
3,-904.7936,-0.057644,1955.185,90.46455,277.3352,2159.24
3,-910.4631,0.53686,1955.63,87.30918,273.7213,2158.658
3,-916.445,-0.3143899,1953.008,78.8922,278.2196,2159.463
3,-957.4554,12.06909,1951.565,82.07318,280.7339,2160.407
3,-939.8326,0.9982148,1951.526,78.04684,283.6763,2159.814
3,-937.3311,0.9029436,1950.426,72.83552,281.2474,2156.926
3,-933.616,1.579329,1949.541,70.37143,279.3349,2160.351
3,-935.7847,-0.8632488,1948.458,67.73217,279.6628,2160.108
3,-937.2794,-0.4765633,1945.708,65.10369,280.9127,2160.049
3,-941.3477,-2.7182,1947.643,67.4632,279.0309,2161.059
3,-942.1269,-0.6357647,1945.124,67.61023,278.8492,2159.672
3,-942.6308,-0.9123622,1946.363,62.65014,281.6026,2157.639
3,-944.3993,-0.882414,1943.253,60.26251,279.9458,2159.716
3,-940.8598,-1.880199,1942.024,57.45974,281.529,2158.35
3,-944.7125,-1.651994,1943.844,60.00196,283.2523,2159.198
3,-944.1814,-0.1738669,1939.937,55.99316,280.9096,2156.887
3,-945.5605,-0.5905949,1943.071,53.48072,279.1068,2154.438
3,-945.4698,1.41077,1939.806,56.57139,279.4829,2158.923
3,-943.7034,1.678018,1938.341,53.01453,279.5468,2156.172
3,-943.8478,1.357653,1939.398,49.99573,282.4054,2158.658
3,-942.7021,1.799325,1936.512,52.06097,280.693,2156.492
3,-945.5815,2.89088,1937.201,52.48355,281.7215,2157.565
3,-948.8289,2.476454,1937.758,52.82482,282.4409,2156.731
3,-950.0367,2.461892,1938.62,54.26732,283.9688,2156.309
3,-949.8669,2.772262,1933.669,51.97352,285.329,2161.127
3,-952.0807,2.283815,1936.445,53.82235,284.7081,2159.88
3,-951.0952,3.811615,1935.423,51.43056,282.6779,2158.709
3,-951.8561,3.684476,1936.664,52.11378,280.9294,2157.781
3,-953.0142,4.250176,1939.599,55.88579,280.6155,2163.404
3,-952.0257,4.197711,1938.088,55.28165,281.1878,2160.987
3,-947.5316,1.72165,1940.761,61.02993,281.9779,2163.85
3,-946.7056,3.333091,1941.833,63.19989,282.4044,2161.662
3,-943.6215,5.877785,1942.748,67.45874,283.5942,2162.651
3,-937.2042,7.391874,1941.801,74.27382,279.2357,2163.028
3,-930.6682,8.745713,1943.038,80.0156,276.2647,2158.286
3,-927.0918,10.97764,1944.311,86.00652,273.3704,2156.819
3,-924.0542,10.5781,1943.672,94.74737,273.1237,2160.653
3,-913.4714,9.858317,1947.197,108.7264,272.836,2160.419
3,-903.9103,11.61014,1949.747,117.886,274.2173,2162.394
3,-895.3407,11.42003,1951.972,128.4069,278.5202,2162.709
3,-885.6418,6.875006,1953.667,136.4915,285.1266,2167.425
3,-874.8266,4.787095,1956.758,150.0963,285.1335,2167.49
3,-862.3899,4.075637,1962.119,152.1306,283.347,2165.343
3,-848.4922,2.313162,1973.1,162.6116,282.2929,2170.448
3,-837.856,-1.080492,1974.893,168.8884,287.3221,2166.024
3,-831.7777,-2.835617,1978.487,172.9895,292.2159,2167.631
3,-825.4166,-2.299688,1981.778,183.9564,294.3471,2169.779
3,-824.8352,-2.418623,1981.439,189.8844,293.2991,2167.215
3,-821.6295,-2.338277,1986.951,195.0261,295.6873,2175.893
3,-816.4785,-5.755384,1988.027,189.945,291.6746,2169.929
3,-811.0113,-10.75254,1991.181,192.4791,286.7032,2170.743
3,-812.2281,-9.193121,1992.277,192.8772,287.4013,2174.258
3,-811.4395,-9.753709,1992.815,191.9339,282.6894,2173.639
3,-811.0939,-9.510171,1992.604,192.6331,284.1849,2176.717
3,-817.1588,-9.549403,1992.826,188.724,282.0114,2180.426
3,-821.8032,-11.23696,1992.46,187.495,274.4999,2186.188
3,-825.0986,-11.19,1992.128,184.9882,275.7065,2189.454
3,-829.2726,-7.880444,1990.249,186.6722,277.5673,2187.865
3,-827.9919,-4.178646,1993.709,181.9164,275.8475,2190.26
3,-837.3171,-5.33628,1991.167,179.8288,273.0667,2192.358
3,-841.6814,-3.650384,1988.775,180.5718,278.0727,2196.718
3,-840.1675,-5.588107,1989.105,182.7092,279.1234,2199.44
3,-841.2219,-5.389854,1989.273,180.7039,275.9461,2197.828
3,-840.6455,-4.045059,1987.878,181.4221,273.2379,2198.198
3,-841.3192,-2.455328,1986.26,184.2744,271.1196,2199.506
3,-842.8169,-2.222546,1988.42,184.846,269.1895,2200.996
3,-843.1887,-2.436384,1990.014,188.982,268.8772,2203.655
3,-836.0709,-3.53992,1989.669,191.8922,269.5074,2206.267
3,-823.8745,-10.82848,1992.068,193.3752,273.2342,2209.321
3,-816.2413,-15.13509,1996.057,200.9491,273.0111,2213.612
3,-811.2634,-16.97457,1998.162,199.8639,273.8876,2211.267
3,-809.984,-17.74619,2005.006,201.2508,278.8341,2214.217
3,-811.4935,-22.21437,2007.601,206.1736,280.062,2213.8
3,-809.275,-22.11307,2008.786,209.0239,277.2904,2212.578
3,-804.7523,-25.50154,2011.274,210.7408,270.4204,2211.608
3,-803.5726,-24.61799,2014.85,221.8602,276.1988,2216.731
3,-799.9052,-26.07697,2014.042,224.5132,274.1144,2214.583
3,-790.596,-29.05489,2020.627,226.1396,272.1904,2213.836
3,-784.6462,-25.78131,2023.786,231.539,273.3685,2216.948
3,-780.7601,-24.95918,2024.581,233.3355,273.0741,2216.215
3,-773.4268,-27.88878,2026.464,239.6267,272.6555,2219.861
3,-766.2312,-26.05844,2026.344,246.5476,272.9868,2218.964
3,-757.9697,-28.50932,2028.685,249.7854,273.4056,2215.605
3,-752.9735,-28.25462,2030.149,257.2477,272.7146,2221.974
3,-747.7908,-28.28538,2034.498,260.2144,273.0317,2220.226
3,-741.3387,-26.80014,2034.193,267.2076,270.9631,2221.357
3,-740.1052,-26.90722,2036.725,272.8941,267.0363,2224.093
3,-733.6919,-27.92799,2039.335,278.746,263.4001,2222.548
3,-728.4626,-28.72074,2042.836,281.0376,265.455,2221.182
3,-717.5454,-27.44415,2044.88,286.2159,270.1877,2221.384
3,-711.0209,-28.59955,2046.165,294.1451,271.955,2222.324
3,-708.5567,-29.87461,2047.689,296.8555,271.6072,2221.124
3,-699.3603,-29.54932,2049.768,304.3385,273.3806,2221.274
3,-696.1059,-27.97764,2052.005,313.0865,271.0983,2227.485
3,-695.0808,-30.09741,2052.122,314.1195,273.7081,2224.428
3,-816.2413,-15.13509,1996.057,200.9491,273.0111,2213.612
3,-811.2634,-16.97457,1998.162,199.8639,273.8876,2211.267
3,-809.984,-17.74619,2005.006,201.2508,278.8341,2214.217
3,-811.4935,-22.21437,2007.601,206.1736,280.062,2213.8
3,-809.275,-22.11307,2008.786,209.0239,277.2904,2212.578
3,-804.7523,-25.50154,2011.274,210.7408,270.4204,2211.608
3,-803.5726,-24.61799,2014.85,221.8602,276.1988,2216.731
3,-799.9052,-26.07697,2014.042,224.5132,274.1144,2214.583
3,-790.596,-29.05489,2020.627,226.1396,272.1904,2213.836
3,-784.6462,-25.78131,2023.786,231.539,273.3685,2216.948
3,-780.7601,-24.95918,2024.581,233.3355,273.0741,2216.215
3,-773.4268,-27.88878,2026.464,239.6267,272.6555,2219.861
3,-766.2312,-26.05844,2026.344,246.5476,272.9868,2218.964
3,-757.9697,-28.50932,2028.685,249.7854,273.4056,2215.605
3,-752.9735,-28.25462,2030.149,257.2477,272.7146,2221.974
3,-747.7908,-28.28538,2034.498,260.2144,273.0317,2220.226
3,-741.3387,-26.80014,2034.193,267.2076,270.9631,2221.357
3,-740.1052,-26.90722,2036.725,272.8941,267.0363,2224.093
3,-733.6919,-27.92799,2039.335,278.746,263.4001,2222.548
3,-728.4626,-28.72074,2042.836,281.0376,265.455,2221.182
3,-717.5454,-27.44415,2044.88,286.2159,270.1877,2221.384
3,-711.0209,-28.59955,2046.165,294.1451,271.955,2222.324
3,-708.5567,-29.87461,2047.689,296.8555,271.6072,2221.124
3,-699.3603,-29.54932,2049.768,304.3385,273.3806,2221.274
3,-696.1059,-27.97764,2052.005,313.0865,271.0983,2227.485
3,-695.0808,-30.09741,2052.122,314.1195,273.7081,2224.428